REF. HESPERIA,cleaned,status
GI.11.01,"[""obi""]",authentic
GI.08.05,"[""---takokoba---""]",authentic
GI.08.11,"[""---eś""]",authentic
GI.10.30,"[""---ban""]",authentic
GI.10.21,"[""kans+""]",authentic
B.44.09,"[""kue""]",authentic
B.44.01,"[""atinsin""]",authentic
B.44.13,"[""la""]",authentic
B.44.12,"[""bala+""]",authentic
B.44.24,"[""biuŕtir""]",authentic
B.44.22,"[""kaileśketin+ XIII""]",authentic
B.44.17,"[""tikir""]",authentic
B.44.16,"[""bantoŕenḿibaikar""]",authentic
B.43.01,"[""kátón""]",authentic
B.42.01,"[""---ku-s---""]",authentic
B.41.17,"[""---+ti""]",authentic
B.41.14,"[""si""]",authentic
B.41.16,"[""---baś""]",authentic
B.41.13,"[""lku""]",authentic
B.41.11,"[""karkankati""]",authentic
B.41.10,"[""ei""]",authentic
B.41.07,"[""l+---""]",authentic
B.41.15,"[""tin---""]",authentic
B.41.06,"[""iun""]",authentic
B.37.03,"[""baikar""]",authentic
B.37.04,"[""uatina""]",authentic
B.36.03,"[""iko""]",authentic
B.36.05,"[""---ba+---""]",authentic
B.36.LATINA,"[""VV""]",authentic
B.36.06,"[""---esa""]",authentic
B.36.08,"[""---+eti+---""]",authentic
B.36.07,"[""---mba+---""]",authentic
B.36.02,"[""tau---""]",authentic
B.36.04,"[""laku""]",authentic
B.36.01,"[""skéŕlakónaŕankókólo---""]",authentic
B.16.01,"[""ai""]",authentic
B.16.02,"[""bai---""]",authentic
B.16.04,"[""use---""]",authentic
B.17.11,"[""---lau""]",authentic
B.20.14,"[""---kule""]",authentic
B.20.04,"[""bilosaŕkértekiar""]",authentic
B.13.01,"[""atuŕo---""]",authentic
B.14.01,"[""lal""]",authentic
B.14.02,"[""lu"", """"]",authentic
B.14.03,"[""baŕ""]",authentic
B.12.06,"[""o"", ""a""]",authentic
B.12.07,"[""----s""]",authentic
B.12.01,"[""ata""]",authentic
B.12.03,"[""ḿba""]",authentic
B.12.05,"[""ube""]",authentic
B.12.02,"[""itiḿ""]",authentic
B.12.08,"[""alauke"", ""ti""]",authentic
B.10.01,"[""---ti"", ""+""]",authentic
T.03.04,"[""""]",authentic
T.14.02,"[""taŕ""]",authentic
T.14.03,"[""stu---""]",authentic
B.41.12,"[""la"", ""ka""]",authentic
GI.17.01,"[""ul""]",authentic
GI.17.02,"[""---lkoti""]",authentic
GI.10.19,"[""tuŕśbiuŕar""]",authentic
GI.10.16,"[""bikitiŕ""]",authentic
GI.10.17,"[""biuŕtáŕar""]",authentic
GI.10.18,"[""kibas""]",authentic
GI.10.20,"[""unbas""]",authentic
T.07.02,"["""", ""---uteska:eŕkaikiśoka:baŕbinkite"", ""---kianaiunortiniku:śalirotanai"", ""---ultibeikate:śalir:siatikanis:"", ""---tike"", ""aiunortinikabitaŕanteśir""]",authentic
T.07.04,"[""------+"", ""iunsti-"", ""r:banbite-"", ""ŕoka :"", ""--+e"", ""------""]",authentic
T.00.03,"[""---ŕskáito+---"", ""---+silunini+---"", ""---bekeŕtiniŕiká---""]",authentic
T.00.01,"[""koŕasiŕen:e Π I"", ""neŕseoŕtinika:e I I"", ""kaisuŕanaŕika:I I""]",authentic
L.10.01,"[""aŕsi---""]",authentic
L.08.02,"[""bin++---""]",authentic
GI.10.03,"[""------"", ""---+++ke---"", ""---inti : tan+---"", ""---+ke : koŕnel+---"", ""---ite : ika+---"", ""--- : s---"", ""------""]",authentic
GI.10.04,"[""------"", ""---tineoś---"", ""---+tikirsakaŕ"", ""---++i---r"", ""------""]",authentic
GI.10.05,"[""------"", ""---+---"", ""---ko:ne---"", ""---+rśar---"", ""---s:---"", ""------""]",authentic
B.44.15,"[""ata""]",authentic
B.15.02,"[""beikankine""]",authentic
B.39.01,"[""iunia"", ""bo""]",authentic
GI.08.13,"[""oli ti"", """"]",authentic
B.43.05,"[""lauŕko""]",authentic
B.43.02,"[""---teḿr""]",authentic
GI.19.01,"[""bil""]",authentic
B.18.01,"[""bakaśutaŕte""]",authentic
T.03.01,"[""nio"", """"]",authentic
B.04.01,"[""beŕbaiekinetiḿi""]",authentic
GI.10.06,"[""------"", ""---ta+ltanki---"", ""---lakiniki---""]",authentic
GI.10.10,"[""lakeŕeiartuŕu baisebilos : beleśta banar : or"", ""+re enatilar""]",authentic
GI.10.12,"["""", ""nalbesosin"", ""lakun uralaśkaŕ"", ""akaśtikeŕ siken+++"", ""aŕtakalebalkeaŕ++"", ""++talon"", ""sikounin"", ""ilakotinebabon"", ""abatulkatuŕabaniu"", """"]",authentic
GI.10.13,"[""bintaŕe""]",authentic
GI.10.14,"[""sorseiteŕkeboiḿi""]",authentic
GI.10.15,"[""goŕotiginai"", ""ukal"", ""auŕkeŕen""]",authentic
GI.10.28,"[""ultibeleś""]",authentic
GI.10.22,"[""balkar---""]",authentic
GI.10.LATINA,"["""", ""iueś"", ""ubieke"", ""uḿbal"", """"]",authentic
GI.10.26,"[""nu""]",authentic
GI.10.24,"[""ka"", ""noa+"", ""bin"", ""oka+""]",authentic
GI.10.23,"[""ben""]",authentic
GI.10.27,"[""on""]",authentic
GI.10.29,"[""uo""]",authentic
GI.10.25,"[""is""]",authentic
GI.10.31,"[""takoe"", ""otin"", """"]",authentic
GI.10.32,"[""bin"", ""en""]",authentic
GI.15.01,"[""---abeŕbu---""]",authentic
GI.15.02,"[""---i+""]",authentic
GI.15.04,"["""", ""ar:basiaŕebe"", ""ebaŕikáme:túikésiŕa:borsté:abaŕkeborsté:téŕ"", ""tiŕs:baitesbi:neitékeŕu:táŕbelioŕkú:tímoŕ"", ""kíŕ:bartaśkó:anbeikú:baitesir:saltukó:kúletábeŕkú+"", ""bikiltiŕsté:eŕeśu:kótibanen:eberka:táśkáliŕs"", ""loŕsa:batíbi:biuŕtáneś:saltukileŕkú:ki"", ""taŕun:atábaker:abaśaker:tásbeŕiun:erna:borakáu"", """"]",authentic
GI.15.05,"[""aŕka+ibe"", ""biuŕau"", ""eteso"", ""- - -+s"", ""- - -tar"", ""+biuŕso"", ""++"", ""biuŕtibaś"", ""lauŕto"", ""eteśuŕ"", ""ie I I I I-o"", ""-te+---++""]",authentic
GI.15.06,"[""unibelo"", ""baitaś:tekar"", ""koroiker"", ""tortinai""]",authentic
GI.15.07,"[""aŕki biteu okano śal""]",authentic
GI.15.08,"[""is si""]",authentic
GI.15.09,"["""", ""neitiniunstir"", ""anbaikabalika"", ""ilbikon"", ""+ŕkelki"", ""koen ekiaŕakerbikir ban"", ""auskeikaŕ""]",authentic
GI.15.10,"[""akitikem""]",authentic
GI.15.26,"[""otíkiŕtékeŕ"", ""su"", """"]",authentic
GI.15.19,"[""iltiŕbaś""]",authentic
GI.15.12,"[""bartoin""]",authentic
GI.15.22,"[""kéltáio""]",authentic
GI.15.23,"[""kóśi""]",authentic
GI.15.25,"[""otámi---""]",authentic
GI.15.53,"[""osatón""]",authentic
GI.15.18,"[""biuŕbetin""]",authentic
GI.15.32,"[""tátáŕba""]",authentic
GI.15.31,"[""táŕtólobaikétábam""]",authentic
GI.15.27,"[""selkití-+""]",authentic
GI.15.33,"[""tibaśbir"", ""o"", """"]",authentic
GI.15.15,"[""betéśkónkili+""]",authentic
GI.15.16,"[""bikíbelseśkó---""]",authentic
GI.15.21,"[""kelbata""]",authentic
GI.15.24,"[""laisbe---""]",authentic
GI.15.52,"[""laká+---""]",authentic
GI.15.28,"[""śa+---""]",authentic
GI.15.29,"[""tales"", ""a-tó"", ""ta"", """"]",authentic
GI.15.20,"[""il+---"", ""+i+-+"", """"]",authentic
GI.15.34,"[""---letáŕ""]",authentic
GI.15.44,"[""---+aoiśu""]",authentic
GI.15.45,"[""---+baŕkabiuŕ+i---""]",authentic
GI.15.35,"[""---betéikón---""]",authentic
GI.15.36,"[""---betin""]",authentic
GI.15.46,"[""---+táŕui""]",authentic
GI.15.37,"[""---lauŕtá+---""]",authentic
GI.15.38,"[""---lauŕ---"", ""u"", """"]",authentic
GI.15.39,"[""---lurs---""]",authentic
GI.15.41,"[""---ŕbabia++---"", ""ti""]",authentic
GI.15.42,"[""---ŕtobeś""]",authentic
GI.15.47,"[""---+títor---""]",authentic
GI.15.43,"[""---tui+---""]",authentic
GI.15.13,"[""batá""]",authentic
GI.15.17,"[""biu""]",authentic
GI.15.30,"[""tál---"", ""ta""]",authentic
GI.15.14,"[""bes""]",authentic
GI.15.48,"[""---+toi+---""]",authentic
GI.15.49,"[""---++ti---""]",authentic
GI.15.51,"[""ko"", ""i""]",authentic
GI.15.11,"[""ankitireśko+---""]",authentic
GI.15.40,"[""---obeś""]",authentic
GI.15.50,"[""ba"", ""ka""]",authentic
GI.08.02,"[""-+lkitíbaś"", ""lauŕsu:túrin"", ""aluŕtíleis"", ""bilotíkeŕei""]",authentic
GI.08.04,"[""ḿlbeier""]",authentic
GI.20.01,"[""biŕ:bilostáneśbatír:ibeitíkebatír:bilosbaśkáté©"", ""n:auŕbimbatír:sortíkebatír:©ŕbatíbi:talskókáté"", ""bilosbimbatír:lakúaŕkisbatír:©ŕbatíbi:bele:śtáŕkáté"", ""©ŕbatíbi:abaŕkísbatír:atintáneśbatírs:tánkókáté"", ""śkábaibatíbi:akirtíbaśbatír:beleśbe:tibatír:kábaikáté"", ""iriká:kólbiŕ---:be---:bakóntékeŕ"", ""©ŕbatí---beitikebatír:tí+""]",authentic
GI.20.02,"[""tikirsbalauŕ:arḿi:banḿi:"", ""aloŕbeŕiborareukeŕḿi"", """"]",authentic
B.49.01,"[""balkesbaiser""]",authentic
B.47.01,"[""a++++tirtal+ar"", ""ol II"", """"]",authentic
B.47.02,"[""ar""]",authentic
B.47.07,"[""---katin""]",authentic
B.47.04,"[""---ne---""]",authentic
B.47.03,"[""---ken""]",authentic
B.47.09,"[""---+ś""]",authentic
B.47.08,"[""---+i""]",authentic
B.47.11,"[""---+ka---""]",authentic
B.47.05,"[""sba"", """"]",authentic
B.47.06,"[""---a ta---""]",authentic
B.44.02,"[""---+arnai:akiekiarn---""]",authentic
B.44.25,"[""sosian""]",authentic
B.44.10,"[""lakeŕ""]",authentic
B.44.11,"[""seŕtun""]",authentic
B.44.05,"[""biu---""]",authentic
B.44.06,"[""kai""]",authentic
B.44.14,"[""---+is++kaeś+---""]",authentic
B.44.21,"[""ta"", ""ti"", ""+"", ""ta""]",authentic
B.41.01,"[""akanos""]",authentic
B.40.04,"[""ustainabaŕarban""]",authentic
B.37.02,"[""nḿkei ltiŕa rḿi""]",authentic
B.21.01,"[""-śtaneśe---intaneś- ebanen : au ŕuninkika oŕtinse ikika : siba itin :""]",authentic
B.17.03,"[""ikeatin""]",authentic
B.17.06,"[""lakene""]",authentic
B.17.01,"[""balke""]",authentic
B.17.02,"[""eba""]",authentic
B.17.04,"[""kai""]",authentic
B.17.07,"[""+ban""]",authentic
B.17.12,"[""---++oke""]",authentic
B.17.08,"[""---baki""]",authentic
B.17.10,"[""---la""]",authentic
B.17.05,"[""ki---""]",authentic
B.17.09,"[""---kebaketakebaŕḿi""]",authentic
B.17.13,"["""", ""---osti+++e:bilostíkenar"", ""laketi++++abastíken+r"", """"]",authentic
B.20.03,"[""aŕkiśaba+---""]",authentic
B.24.01,"[""ol""]",authentic
B.15.01,"[""eukin""]",authentic
B.15.03,"[""tika""]",authentic
B.34.01,"[""taneike+eś---""]",authentic
B.35.02,"[""kaa+---""]",authentic
B.35.01,"[""eba""]",authentic
T.11.01,"[""koti"", ""baiŕ""]",authentic
T.11.02,"[""---tosoe+ŕki+teiar""]",authentic
T.11.03,"[""kaŕain""]",authentic
T.11.04,"[""arkatibaśbi+rti---""]",authentic
T.11.05,"[""aŕe : take"", ""atinbelauŕ : antalskar"", ""FVLVIA : LINTEARIA""]",authentic
T.11.06,"[""------+"", ""HEIC : EST : SITVS, -A ---"", ""aŕe : +ki : ar++---"", ""sakaŕil+---""]",authentic
T.11.07,"["""", ""toŕs"", ""++"", ""bita"", ""+e"", ""be+""]",suspecta
T.11.08,"[""letaonḿi""]",suspecta
T.11.09,"[""---NEI"", ""---ban"", ""---""]",authentic
B.31.01,"[""baŕ""]",authentic
B.31.02,"[""aŕkeboŕ""]",authentic
B.30.01,"[""artokoto---""]",authentic
T.09.01,"[""taltiu"", ""ta""]",authentic
T.07.05,"["":táutíntíbaś:sani:kiŕśto:uŕkétíkeś:""]",authentic
T.07.06,"[""bateiŕebaikárśokínbaikár :""]",authentic
T.07.07,"[""---u-i-tibaśte+---""]",authentic
T.07.08,"[""banban""]",authentic
T.07.09,"[""ḿn""]",authentic
B.22.01,"[""---tuituiskeŕar---""]",authentic
B.22.02,"[""oŕkeirur"", ""oŕkeibaŕban""]",authentic
B.25.01,"[""in""]",authentic
B.27.01,"[""ui"", ""bel"", """"]",authentic
B.29.01,"[""ao+""]",authentic
B.29.02,"[""tas""]",authentic
B.29.03,"[""baŕkákeŕ""]",authentic
B.29.04,"[""iltiŕnou---""]",authentic
B.29.05,"[""---kuletekerḿi---""]",authentic
B.29.06,"[""---oŕtín---""]",authentic
B.29.07,"[""ou""]",authentic
T.06.08,"[""taŕś""]",authentic
T.06.06,"[""taŕ""]",authentic
T.06.04,"[""kiba""]",authentic
T.06.09,"[""ko II""]",authentic
L.20.01,"[""""]",authentic
T.00.02,"["""", ""---+e:a+---"", ""bieinesiŕ"", ""baisenioska:o I I I I I I"", ""baisenios"", ""baitési:uniltun"", ""eŕtoska:abaŕkebiotaŕ:ikí:Π I""]",authentic
GI.08.07,"[""---baŕ"", """"]",authentic
GI.08.12,"[""---tia---""]",authentic
B.43.04,"[""baka+---""]",authentic
B.43.03,"[""---+nkébos+---""]",authentic
B.18.02,"[""bakaśutaŕte""]",authentic
B.18.03,"[""ḿbaŕ""]",authentic
L.16.01,"[""lakuḿtibaś ---""]",authentic
L.07.03,"[""baŕke""]",authentic
L.08.01,"[""---e ḿi---""]",authentic
B.38.01,"["""", ""---tinbaśtéeŕoké"", ""bartaśtóloriltursu+---"", ""tórtónbalaŕbiteŕoka++""]",authentic
T.06.03,"[""i+""]",authentic
T.07.01,"["""", ""śalaiaŕkistenai"", ""aŕikaletesui:lakuiltuń:ke:tasinbai---tibani+-r-+"", ""śalaiaŕkiste:ikeŕ:aŕikalereian---+te:śalai+-tin"", ""śalaiaŕkiste:beŕkebeśa:aŕi-"", ""kalereianiŕ:aŕikale:etesur:tikirsur:akiaŕko:"", ""torsinkeŕe""]",authentic
B.41.04,"[""kubaŕ"", ""al:- - -tulku"", ""bibaḿi ki"", ""riś"", ""LEVCARIO"", ""SVRI VIXIT""]",authentic
B.46.01,"[""---banḿi:biuŕtáŕte---""]",authentic
GI.10.07,"["""", ""--- lakerekes ---"", ""---ŕtabir:s++---"", ""---e auśes:---"", ""---n:++---"", ""---+---""]",authentic
GI.10.08,"[""lakeŕbela---"", ""koŕtikiŕ---""]",authentic
L.19.01,"[""baḿbaketi+"", ""XII""]",authentic
L.06.01,"[""kírkukebe""]",authentic
B.04.02,"[""luki""]",authentic
B.05.01,"[""soŕike---"", ""tikobe---"", ""ke++---"", ""+--+---""]",authentic
B.07.01,"[""---+ŕ++ beŕikáŕs++"", ""baŕkáabultumantiŕ++""]",authentic
B.06.01,"[""---nḿ---"", ""bele+---nar"", ""inti""]",authentic
B.01.05,"[""lakeŕbelauŕ""]",authentic
B.01.08,"[""---anako""]",authentic
B.01.10,"[""---nkaler---""]",authentic
B.01.04,"[""il"", ""u""]",authentic
B.01.09,"[""---kali---""]",authentic
B.01.07,"[""+to""]",authentic
B.01.11,"[""---+bau""]",authentic
B.01.12,"[""---+i+---""]",authentic
B.01.02,"[""ata""]",authentic
B.01.03,"[""bai""]",authentic
B.01.01,"[""ai""]",authentic
L.03.01,"[""ostaŕ+"", ""atebartebar"", ""suŕḿi""]",authentic
L.03.04,"[""luki""]",authentic
L.03.02,"[""bin""]",authentic
L.03.11,"[""---śake""]",authentic
L.03.12,"[""---+baka"", ""+---""]",authentic
L.03.13,"[""---un---""]",authentic
L.03.10,"[""---baś---""]",authentic
L.03.03,"[""la""]",authentic
L.03.06,"[""oś""]",authentic
L.03.08,"[""tir""]",authentic
L.15.01,"[""---ninar""]",authentic
L.14.01,"[""kuleśuŕir""]",authentic
L.09.01,"["""", ""balkar"", ""abilakus+istiŕ+lakea+banśako+ola"", ""aiuniltiŕte"", ""niŕ-ŕekoneśanśaiteaśakaibarbe"", ""bal+kabaka""]",authentic
L.11.01,"[""ban""]",authentic
HU.02.01,"[""aloŕiltu-"", ""i:belaśbais-"", ""ereban:keltaŕ"", ""erkerḿi:aḿe-"", ""teikeoen:erḿ-"", ""i""]",authentic
L.07.01,"[""suśtaŕtike""]",authentic
L.07.04,"[""suise---""]",authentic
L.07.02,"["":kaśtaunbankuŕs""]",authentic
HU.01.01,"[""---tan:oŕkeikelaur:ekisiŕan:neitin---"", ""---śkeŕ:""]",authentic
HU.01.02,"[""---biloskeŕe+kieiki:beta++ki---""]",authentic
L.00.01,"["""", ""baśtúrerteŕokánutúr"", ""iuństir"", ""ikośarka:+--siko:en:śalir:biteian:bantuŕer---""]",authentic
B.01.06,"[""kiis""]",authentic
L.18.01,"[""neitinke"", ""subake:e:i:tako""]",authentic
B.02.01,"[""akal""]",authentic
MU.01.01,"[""b"", ""o ib"", ""X X<: ibe -+o+e"", ""oŕbiloske:-SSXX<:-"", ""ŕike:X<X<:kukebuŕke :<"", ""XX :+ śaneke:X<X<:leŕsge"", ""-eosdaŕke:><X<+"", ""+++tigiś++"", ""-o""]",authentic
V.06.002,"[""ekesaer"", ""eŕiarbam""]",authentic
A.10.11,"["""", ""soanbibu"", ""taki"", ""ti"", ""kekadu""]",authentic
A.10.12,"[""kakembaloutalou""]",authentic
A.04.10,"[""+"", ""lu"", ""taś len"", ""+""]",authentic
A.04.02,"[""iŕiseret"", ""ilaeŕi:isai"", ""gudu : leisi:"", ""+ :leikta"", ""beri:leiŕia"", ""salir:iŕide :"", ""setabeŕe :"", ""+: arnai""]",authentic
SP.01.08,"[""inbaa+litur""]",authentic
A.04.09,"[""aula"", ""śan +ś"", ""ig""]",authentic
A.09.05,"["""", ""śebiŕin:taubaśtetaś"", ""tintileis:bantubailkunḿi"", ""arbais:neban:kuniŕ"", ""bantaśkalir:belśtaukui:aurelen"", ""III I kekeerirtiban:kuteŕnaniśil"", ""beŕenultiteś:kitei:autiriśa"", ""nbali:toroś:balaukiakiŕe"", ""abarbaśtanie:sonai"", ""iumabeleś:talkuneu"", ""baskiteierinuie""]",suspecta
V.17.05,"[""A:"", ""bíśkíbí?rsetí:?ia:bineia"", ""bisbíturbiWtín"", ""B:"", ""śntarlabí+nkoś:bí?rtuan:koikakiskítur"", ""ebi?kora?"", """"]",authentic
L.18.15LATINA,"[""RA""]",authentic
L.18.07,"[""kuka""]",authentic
TE.02.002,"[""aba""]",authentic
TE.02.004,"[""aboki""]",authentic
TE.02.005,"[""bars""]",authentic
TE.02.006,"[""barta""]",authentic
TE.02.007,"[""basku""]",authentic
TE.02.008,"[""ita""]",authentic
TE.02.009,"[""katuba""]",authentic
TE.02.010,"[""kel""]",authentic
TE.02.011,"[""kinaba""]",authentic
TE.02.012,"[""kina""]",authentic
TE.02.013,"["""", ""kutui"", ""u""]",authentic
TE.02.014,"[""seba""]",authentic
TE.02.015,"[""barta""]",authentic
TE.02.016,"[""ls""]",authentic
TE.02.017,"[""ou""]",authentic
TE.02.018a,"[""ś""]",authentic
TE.02.019,"[""aba""]",authentic
TE.02.020,"[""aboki""]",authentic
TE.02.021,"[""aboki""]",authentic
TE.02.022,"[""aboki""]",authentic
TE.02.023,"[""aboki""]",authentic
TE.02.024a,"[""te""]",authentic
TE.02.025,"[""aike""]",authentic
TE.02.026a,"[""ai""]",authentic
TE.02.027a,"[""ai""]",authentic
TE.02.028a,"[""ai""]",authentic
TE.02.029a,"[""ai""]",authentic
TE.02.030,"[""ai""]",authentic
TE.02.031,"[""ai""]",authentic
TE.02.032 = TE.02.028a?,"[""ai""]",authentic
TE.02.033,"[""ai""]",authentic
TE.02.034,"[""aka""]",authentic
V.02.02,"["""", ""aitusinká:a IIIIIII:"", ""abaŕkéŕes:eŕeil"", ""śeiar:bi"", ""iteŕ:takan:"", ""sisbibeiabin"", ""a I:o I:ki I""]",authentic
TE.02.035,"[""aka""]",authentic
TE.02.036,"[""aka""]",authentic
TE.02.037,"[""aka""]",authentic
TE.02.038,"[""akeku""]",authentic
TE.02.039a,"[""ako""]",authentic
TE.02.040a,"[""ta""]",authentic
TE.02.041,"[""ako""]",authentic
TE.02.042,"[""ako""]",authentic
TE.02.043,"[""ako""]",authentic
TE.02.044,"[""ako""]",authentic
TE.02.045,"[""ako""]",authentic
TE.02.046a,"[""aku""]",authentic
TE.02.047,"[""aku"", """"]",authentic
TE.02.048,"[""al""]",authentic
TE.02.049,"[""an""]",authentic
TE.02.050,"[""ar""]",authentic
TE.02.051,"[""aŕ"", """"]",authentic
TE.02.052,"[""ass"", """"]",authentic
TE.02.053,"[""as""]",authentic
TE.02.054,"[""as""]",authentic
TE.02.055,"[""aś""]",authentic
TE.02.056,"[""ati""]",authentic
TE.02.057,"[""ati""]",authentic
TE.02.058,"[""atu""]",authentic
TE.02.059,"[""au""]",authentic
TE.02.062a,"[""babo""]",authentic
TE.02.063a,"[""la""]",authentic
TE.02.064a,"[""ir""]",authentic
TE.02.065a,"[""balakertaŕ""]",authentic
TE.02.066a,"[""tin""]",authentic
TE.02.067,"[""baśba"", """"]",authentic
TE.02.068a,"[""ban""]",authentic
TE.02.069,"[""ban""]",authentic
TE.02.070,"[""ban""]",authentic
TE.02.071,"[""ban""]",authentic
TE.02.072,"[""ban""]",authentic
TE.02.073,"[""bar""]",authentic
TE.02.074a,"[""baŕ""]",authentic
TE.02.075,"[""baŕ""]",authentic
TE.02.076,"[""baski""]",authentic
TE.02.077a,"[""bas""]",authentic
TE.02.078a,"[""bas""]",authentic
TE.02.079,"[""bas""]",authentic
TE.02.080a,"[""baś""]",authentic
TE.02.081,"[""baś""]",authentic
TE.02.082a,"[""bata""]",authentic
TE.02.083,"[""bata""]",authentic
TE.02.084,"[""bateba""]",authentic
TE.02.085a,"[""bateba""]",authentic
TE.02.086a,"[""bateba""]",authentic
TE.02.087,"[""bateba""]",authentic
TE.02.088,"[""bateba""]",authentic
TE.02.089a,"[""śo""]",authentic
TE.02.090,"[""bati""]",authentic
TE.02.091a,"[""bau""]",authentic
TE.02.092,"[""beka"", """"]",authentic
TE.02.093a,"[""beko""]",authentic
TE.02.094,"[""beku"", """"]",authentic
TE.02.095a,"[""bel""]",authentic
TE.02.096,"[""belu"", """"]",authentic
TE.02.097,"[""bel""]",authentic
TE.02.098,"[""beśu""]",authentic
TE.02.099,"[""beta""]",authentic
TE.02.100,"[""beto"", """"]",authentic
TE.02.101,"[""betuś""]",authentic
TE.02.102a,"[""betu""]",authentic
TE.02.105a,"[""bibes"", """"]",authentic
TE.02.106,"[""bil""]",authentic
TE.02.107,"[""bil""]",authentic
TE.02.108,"[""binen""]",authentic
TE.02.109,"[""binen""]",authentic
TE.02.111,"[""bin""]",authentic
TE.02.112,"[""+en"", """"]",authentic
TE.02.113,"[""biu""]",authentic
TE.02.114,"[""biu""]",authentic
TE.02.115,"[""biu""]",authentic
TE.02.116a,"[""teti""]",authentic
TE.02.117a,"[""boka""]",authentic
TE.02.118,"[""boka""]",authentic
TE.02.119,"[""boka""]",authentic
TE.02.120,"[""boka""]",authentic
TE.02.123,"[""eki""]",authentic
TE.02.124a,"[""eteśikeḿi""]",authentic
TE.02.125,"[""ieka"", """"]",authentic
TE.02.126,"[""ika""]",authentic
TE.02.127,"[""ika""]",authentic
TE.02.128a,"[""iko""]",authentic
TE.02.129a,"[""iko""]",authentic
TE.02.130a,"[""iko"", """"]",authentic
TE.02.131,"[""il""]",authentic
TE.02.132,"[""in""]",authentic
TE.02.133a,"[""ir"", """"]",authentic
TE.02.134,"[""ir""]",authentic
TE.02.135,"[""iko"", """"]",authentic
TE.02.136,"[""ir""]",authentic
TE.02.137,"[""ir""]",authentic
TE.02.138,"[""is""]",authentic
TE.02.139,"[""iś""]",authentic
TE.02.140,"[""kai""]",authentic
TE.02.141,"[""kan""]",authentic
TE.02.142a,"[""kaḿ""]",authentic
TE.02.143,"[""kaŕ"", """"]",authentic
TE.02.144,"[""kei""]",authentic
TE.02.145a,"[""ta"", """"]",authentic
TE.02.146,"[""tetae"", """"]",authentic
TE.02.147,"[""keu""]",authentic
TE.02.148,"[""a++""]",authentic
TE.02.149,"[""kie""]",authentic
TE.02.150,"[""śliba:al""]",authentic
TE.02.151,"[""kitatoio""]",authentic
TE.02.152,"[""+kue""]",authentic
TE.02.153a,"[""kui""]",authentic
TE.02.154,"[""kui""]",authentic
TE.02.155,"[""kui""]",authentic
TE.02.156,"[""kulki""]",authentic
TE.02.157,"[""kul"", """"]",authentic
TE.02.158a,"[""kuḿ""]",authentic
TE.02.159,"[""kusi""]",authentic
TE.02.161,"[""kuś""]",authentic
TE.02.162a,"[""kutui""]",authentic
TE.02.163,"[""kutuka""]",authentic
TE.02.164a,"[""la""]",authentic
TE.02.165a,"[""la""]",authentic
TE.02.166,"[""la""]",authentic
TE.02.167,"[""la""]",authentic
TE.02.168,"[""la""]",authentic
TE.02.169,"[""la""]",authentic
TE.02.171,"[""la""]",authentic
TE.02.172,"[""la"", """"]",authentic
TE.02.173,"[""le""]",authentic
TE.02.174a,"[""li""]",authentic
TE.02.175,"[""biuŕ+"", """"]",authentic
TE.02.176a,"[""ḿa""]",authentic
TE.02.177,"[""ḿa""]",authentic
TE.02.179,"[""ḿbar""]",authentic
TE.02.180a,"[""ḿiba""]",authentic
TE.02.181,"[""teḿi""]",authentic
TE.02.182,"[""uḿi""]",authentic
TE.02.183,"[""na""]",authentic
TE.02.184,"[""ne""]",authentic
TE.02.185a,"[""os""]",authentic
TE.02.186,"[""oŕ""]",authentic
TE.02.187a,"[""tu""]",authentic
TE.02.189,"[""sa"", """"]",authentic
TE.02.191,"[""se""]",authentic
TE.02.192a,"[""si""]",authentic
TE.02.193a,"[""si""]",authentic
TE.02.194a,"[""si""]",authentic
TE.02.195,"[""si""]",authentic
TE.02.196,"[""si""]",authentic
TE.02.197,"[""si""]",authentic
TE.02.198a,"[""su---ta""]",authentic
TE.02.199,"[""s * s""]",authentic
TE.02.200,"[""śa""]",authentic
TE.02.201,"[""śa""]",authentic
TE.02.202,"[""śa""]",authentic
TE.02.203,"[""tabi""]",authentic
TE.02.204,"[""boka""]",authentic
TE.02.205,"[""tau""]",authentic
TE.02.206,"[""tau""]",authentic
TE.02.207,"[""tan"", """"]",authentic
TE.02.209,"[""taŕ""]",authentic
TE.02.210,"[""taŕ""]",authentic
TE.02.211,"[""taś"", """"]",authentic
TE.02.212a,"[""a"", """"]",authentic
TE.02.213a,"[""taute""]",authentic
TE.02.214a,"[""taute""]",authentic
TE.02.215a,"[""taute""]",authentic
TE.02.216,"[""taute""]",authentic
TE.02.217,"[""taute""]",authentic
TE.02.218,"[""taute""]",authentic
TE.02.219a,"[""tabas""]",authentic
TE.02.220,"[""tau""]",authentic
TE.02.221,"[""tau""]",authentic
TE.02.222a,"[""tau""]",authentic
TE.02.224,"[""tim""]",authentic
TE.02.225,"[""tim""]",authentic
TE.02.226,"[""tise""]",authentic
TE.02.227a,"[""tiś""]",authentic
TE.02.228,"[""tols""]",authentic
TE.02.229a,"[""ton""]",authentic
TE.02.230,"[""too""]",authentic
TE.02.232,"[""tube""]",authentic
TE.02.233,"[""tubi""]",authentic
TE.02.234,"[""un""]",authentic
TE.02.235,"[""aś""]",authentic
TE.02.237,"[""bo+"", """"]",authentic
TE.02.238,"[""+i"", """"]",authentic
TE.02.239,"[""kutu"", """"]",authentic
TE.02.240,"[""tin+++"", """"]",authentic
TE.02.241a,"[""o""]",authentic
TE.02.242,"[""slbe+"", """"]",authentic
TE.02.243 = TE.2.235,"[""aś"", """"]",authentic
TE.02.244,"[""u+"", """"]",authentic
TE.02.245a,"[""aa""]",authentic
TE.02.246,"[""aa""]",authentic
TE.02.247,"[""aa""]",authentic
TE.02.248,"[""aa""]",authentic
TE.02.249,"[""aa""]",authentic
TE.02.250,"[""aa""]",authentic
TE.02.251a,"[""ba""]",authentic
TE.02.252,"[""baa"", """"]",authentic
TE.02.253,"[""koa""]",authentic
TE.02.254,"[""koa""]",authentic
TE.02.255,"[""koa""]",authentic
TE.02.256,"[""koa""]",authentic
TE.02.257,"[""lke""]",authentic
TE.02.258,"[""lke""]",authentic
TE.02.259,"[""lke""]",authentic
TE.02.260,"[""ln"", """"]",authentic
TE.02.261a,"[""ln"", """"]",authentic
TE.02.262,"[""lns""]",authentic
TE.02.263,"[""ls""]",authentic
TE.02.264,"[""ls""]",authentic
TE.02.265,"[""lti""]",authentic
TE.02.266a,"[""bo""]",authentic
TE.02.267,"[""ḿs"", """"]",authentic
TE.02.268,"[""ḿs"", """"]",authentic
TE.02.269,"[""ḿti""]",authentic
TE.02.270,"[""nl""]",authentic
TE.02.271,"[""nl""]",authentic
TE.02.272a,"[""nḿ""]",authentic
TE.02.273a,"[""be""]",authentic
TE.02.274,"[""oa""]",authentic
TE.02.275,"[""oa""]",authentic
TE.02.276a,"[""sn""]",authentic
TE.02.277,"[""sŕ""]",authentic
TE.02.278,"[""ss""]",authentic
TE.02.279,"[""śn""]",authentic
TE.02.280a,"[""o""]",authentic
TE.02.281a,"[""n""]",authentic
TE.02.282a,"[""ba""]",authentic
TE.02.283a,"[""be""]",authentic
TE.02.284a,"[""be""]",authentic
TE.02.285a,"[""tutu""]",authentic
TE.02.286,"[""u+""]",authentic
TE.02.287,"[""baboŕote nbotenin""]",authentic
TE.02.288,"[""aibekeŕeś""]",authentic
TE.02.289,"[""boka""]",authentic
TE.02.290,"[""eskeŕ""]",authentic
TE.02.291a,"[""etaute""]",authentic
TE.02.292,"[""kalta""]",authentic
TE.02.293,"[""keno""]",authentic
TE.02.294,"[""bateba""]",authentic
TE.02.295,"[""oto""]",authentic
TE.02.296,"[""aś""]",authentic
TE.02.297,"[""au""]",authentic
TE.02.298,"[""ban""]",authentic
TE.02.299,"[""ne""]",authentic
TE.02.302,"[""tai""]",authentic
TE.02.303,"[""tai""]",authentic
TE.02.304,"[""tai""]",authentic
TE.02.305,"[""taŕ""]",authentic
TE.02.306,"[""boe""]",authentic
TE.02.307,"[""lś""]",authentic
TE.02.308a,"[""baśtaŕtine aiuneskeŕ""]",authentic
TE.02.309,"[""antu"", """"]",authentic
TE.02.310,"[""an""]",authentic
TE.02.311a,"[""ta""]",authentic
TE.02.312a,"[""baŕboŕ"", """"]",authentic
TE.02.313a,"[""baŕboŕ""]",authentic
TE.02.314a,"[""baŕur""]",authentic
TE.02.315a,"[""baśn""]",authentic
TE.02.316a,"[""nḿ""]",authentic
TE.02.317a,"[""bateba""]",authentic
TE.02.318,"[""belenos"", """"]",authentic
TE.02.319,"[""belenos""]",authentic
TE.02.320,"[""bie""]",authentic
TE.02.321a,"[""biti""]",authentic
TE.02.322a,"[""ekośonar""]",authentic
TE.02.323,"[""biuŕ+""]",authentic
TE.02.324,"[""ekośonar""]",authentic
TE.02.325a,"[""iko""]",authentic
TE.02.326,"[""ikusau""]",authentic
TE.02.327,"[""is""]",authentic
TE.02.328,"[""kaŕ""]",authentic
TE.02.329,"[""kotaba +""]",authentic
TE.02.330a,"[""kun""]",authentic
TE.02.331a,"[""kun""]",authentic
TE.02.332a,"[""le"", """"]",authentic
TE.02.333,"[""oti""]",authentic
TE.02.334,"[""tanl""]",authentic
TE.02.335a,"[""taŕ""]",authentic
TE.02.337,"[""tasbarikibaś""]",authentic
TE.02.338,"[""taś""]",authentic
TE.02.336,"[""taŕ""]",authentic
TE.02.339,"[""taute""]",authentic
TE.02.340a,"[""ar""]",authentic
TE.02.341,"[""tau""]",authentic
TE.02.342,"[""tikaḿi""]",authentic
TE.02.344,"[""ua""]",authentic
TE.02.345,"[""uba""]",authentic
TE.02.346,"[""uba""]",authentic
TE.02.347,"[""ls""]",authentic
TE.02.348,"[""ls""]",authentic
TE.02.349,"[""ns""]",authentic
TE.02.350a,"[""sl""]",authentic
TE.02.351,"[""śŕ""]",authentic
TE.02.438,"[""abar""]",authentic
TE.02.439,"[""an""]",authentic
TE.02.440,"[""ati""]",authentic
TE.02.441,"[""bai""]",authentic
TE.02.442,"[""bal""]",authentic
TE.02.443,"[""bar""]",authentic
TE.02.445,"[""keŕ""]",authentic
TE.02.446,"[""ol""]",authentic
TE.02.447,"[""os""]",authentic
TE.02.448,"[""si""]",authentic
TE.02.449,"[""taba""]",authentic
TE.02.450,"[""taś""]",authentic
TE.02.451,"[""aa""]",authentic
TE.02.452,"[""oa""]",authentic
TE.02.453,"[""bakina""]",authentic
TE.02.122,"[""bos""]",authentic
TE.02.018b,"[""ko""]",authentic
TE.02.024b,"[""abo""]",authentic
TE.02.024c,"[""be""]",authentic
TE.02.026b,"[""ke +""]",authentic
TE.02.027b,"[""l""]",authentic
TE.02.028b,"[""ḿ""]",authentic
TE.02.029b,"[""l""]",authentic
TE.02.039b,"[""si""]",authentic
TE.02.040b,"[""ako""]",authentic
TE.02.046b,"[""u""]",authentic
TE.02.062b,"[""ota""]",authentic
TE.02.063b,"[""i""]",authentic
TE.02.063c,"[""bako""]",authentic
TE.02.064b,"[""bai""]",authentic
TE.02.064c,"[""l""]",authentic
TE.02.065b,"[""to""]",authentic
TE.02.066b,"[""balte"", """"]",authentic
TE.02.068b,"[""tan""]",authentic
TE.02.074b,"[""tu""]",authentic
TE.02.077b,"[""u""]",authentic
TE.02.080b,"[""a""]",authentic
TE.02.082b,"[""tan""]",authentic
TE.02.085b,"[""bateba""]",authentic
TE.02.089b,"[""tu""]",authentic
TE.02.089c,"[""bati""]",authentic
TE.02.091b,"[""tan""]",authentic
TE.02.093b,"[""e""]",authentic
TE.02.095b,"[""belḿ"", """"]",authentic
TE.02.102b,"[""il""]",authentic
TE.02.105b,"[""ban""]",authentic
TE.02.105c,"[""ba""]",authentic
TE.02.116c,"[""bas""]",authentic
TE.02.116b,"[""bokau""]",authentic
TE.02.117b,"[""keka+""]",authentic
TE.02.124c,"[""ki""]",authentic
TE.02.124b,"[""r""]",authentic
TE.02.128c,"[""be""]",authentic
TE.02.128b,"[""ba""]",authentic
TE.02.129B,"[""be""]",authentic
TE.02.130b,"[""be""]",authentic
TE.02.133b,"[""s""]",authentic
TE.02.142c,"[""ta""]",authentic
TE.02.142b,"[""nba""]",authentic
TE.02.145b,"[""ken""]",authentic
TE.02.153b,"[""+i""]",authentic
TE.02.158b,"[""kuḿ""]",authentic
TE.02.162b,"[""oŕ""]",authentic
TE.02.162c,"[""oŕ""]",authentic
TE.02.164b,"[""te""]",authentic
TE.02.165b,"[""la""]",authentic
TE.02.174b,"[""bo+""]",authentic
TE.02.176b,"[""taŕ""]",authentic
TE.02.180c,"[""s""]",authentic
TE.02.180b,"[""ir""]",authentic
TE.02.185d,"[""ś""]",authentic
TE.02.185c,"[""ne""]",authentic
TE.02.185b,"[""si""]",authentic
TE.02.187b,"[""oto""]",authentic
TE.02.198b,"[""ta""]",authentic
TE.02.212b,"[""tata""]",authentic
TE.02.213c,"[""tu""]",authentic
TE.02.213b,"[""baboe""]",authentic
TE.02.214b,"[""babo""]",authentic
TE.02.215b,"[""be""]",authentic
TE.02.219b,"[""tau""]",authentic
TE.02.222c,"[""i""]",authentic
TE.02.222b,"[""a""]",authentic
TE.02.227b,"[""be""]",authentic
TE.02.229b,"[""ŕ""]",authentic
TE.02.230b,"[""be""]",authentic
TE.02.231b,"[""i""]",authentic
TE.02.241b,"[""++""]",authentic
TE.02.245b,"[""ta""]",authentic
TE.02.251d,"[""bo""]",authentic
TE.02.251c,"[""baa""]",authentic
TE.02.251b,"[""l""]",authentic
TE.02.261b,"[""i""]",authentic
TE.02.266b,"[""ltu""]",authentic
TE.02.272b,"[""i""]",authentic
TE.02.273b,"[""nḿ""]",authentic
TE.02.276d,"[""bo""]",authentic
TE.02.276c,"[""ba +""]",authentic
TE.02.276b,"[""s""]",authentic
TE.02.280c,"[""a +""]",authentic
TE.02.280b,"[""l""]",authentic
TE.02.281b,"[""a""]",authentic
TE.02.282b,"[""ti+""]",authentic
TE.02.282c,"[""+""]",authentic
TE.02.283b,"[""tu""]",authentic
TE.02.284b,"[""+""]",authentic
TE.02.291b,"[""etaute""]",authentic
TE.02.308b,"[""taŕ""]",authentic
B.41.08,"[""toke+---""]",authentic
TE.02.311b,"[""aŕ""]",authentic
TE.02.312d,"[""tu""]",authentic
TE.02.312c,"[""te""]",authentic
TE.02.312b,"[""te""]",authentic
TE.02.313b,"[""baboŕa""]",authentic
TE.02.314b,"[""tatako+""]",authentic
TE.02.315b,"[""iko""]",authentic
TE.02.316d,"[""tebi""]",authentic
TE.02.316c,"[""bate""]",authentic
TE.02.316b,"[""beu""]",authentic
TE.02.317b,"[""beiko""]",authentic
TE.02.321b,"[""sś""]",authentic
TE.02.322c,"[""biuŕtaneke""]",authentic
TE.02.322b,"[""ako+ŕ+""]",authentic
TE.02.325b,"[""ka""]",authentic
V.06.003,"[""""]",authentic
TE.02.330b,"[""be"", ""n I I"", ""n I I I""]",authentic
TE.02.331b,"[""ss""]",authentic
TE.02.340b,"[""tau""]",authentic
TE.02.078b,"[""bas""]",authentic
TE.02.194b,"[""A""]",authentic
TE.02.208,"[""tan""]",authentic
TE.02.332c,"[""le"", """"]",authentic
TE.02.462,"[""ai""]",authentic
TE.02.463,"[""os""]",authentic
TE.02.454,"[""abaio""]",authentic
TE.02.455,"[""la""]",authentic
TE.02.456,"["""", ""ui"", ""l""]",authentic
TE.02.464,"[""l""]",authentic
TE.02.466,"[""ko ko""]",authentic
TE.02.457,"[""al""]",authentic
TE.02.458,"[""+:o""]",authentic
TE.02.460,"[""+ui""]",authentic
TE.02.086b,"[""bateba""]",authentic
TE.02.285b,"[""tutu""]",authentic
TE.02.465,"[""aboki""]",authentic
SP.01.07,"[""++sin?le-binkor:iuśti?:tarbinbaleś:kooo:aŕakotaŕ-laŕ:aianetin?+talabin:ireba:aś?:sinbitai:aia-eia:boa:bíDkín:selkí:-eśeśanbiabiHkaŕes?en""]",authentic
CS.02.02,"[""+ututer""]",authentic
CS.02.03,"[""kike""]",authentic
L.17.01,"[""-ŕtilakó:istikanir:ibeŕtaneś:oŕtin+keŕ""]",authentic
MU.06.03,"[""+el""]",authentic
AB.02.01,"["""", ""+biśba?is?ka?"", """"]",authentic
T.06.11,"[""lauŕtao""]",authentic
AB.01.01a,"[""kokaŕ"", ""karekar:se kí ?f ker:lukeśiŕ:akailtir ?f kerai:ir++riatuiaś"", """"]",authentic
V.21.01,"[""A"", ""a tu-++aaki+--iitidioo"", ""A"", ""b ++bol"", ""A"", ""a"", ""kigiúutodo---"", ""A"", ""a"", ""ŕŕkigiúutodo+--"", ""A"", ""b"", ""+ga++++tadatedeeekugu"", ""A"", ""b"", ""+datatedeeetudukugu"", """"]",authentic
AB.01.02,"[""aiberon:ebaaren : betiaŕ""]",authentic
AB.01.03,"[""aitur kí nbetiaŕka""]",authentic
AB.01.04,"[""aitur kí n : bitiaŕ""]",authentic
AB.01.05,"[""koniltiraŕbitiaŕ""]",authentic
AB.01.01b,"[""iltirtikeŕki:tibanin:kokaŕ""]",authentic
AB.01.01c,"[""betiaŕinaŕ""]",authentic
AB.01.01d,"[""aibeloraŕ:betiaŕ""]",authentic
A.02.01,"[""+ŕbinu+"", ""teia++""]",authentic
A.02.02,"[""se""]",authentic
AB.07.01,"[""aiun"", ""ikarbia""]",authentic
AB.07.02,"[""śtulai"", ""aen""]",authentic
V.17.01,"["":? v rkibea""]",authentic
SP.01.04,"[""+ I I I o I I"", ""ibeś --- o"", ""I I I I kí I I I I ------- a"", ""I I I I I I I ----- an+"", ""aśota"", ""a++ I I I I I I I ----"", ""iŕ --- bi"", ""----- ikoil"", ""a I o I""]",authentic
MU.05.01,"[""a+++kabire""]",authentic
MU.04.01,"[""iuntegen:e"", ""sakaŕbeś:sos"", ""lagutaś:kebes+"", ""isgenus:andinue+"", ""taŕikedelbabineditaŕke+s+---+ŕik"", ""sabaŕbasdeŕik:bidedenedesbesanelas:"", ""ikbaidesuisebartaśaŕtiduŕagunan"", ""nela:ebanalbasusbeliginela"", ""biandingorsanlenebarerbeigulnaŕerganikbos:""]",authentic
A.04.11,"["""", ""n leis"", ""n ś""]",authentic
AB.04.01,"[""ati ?f uia+iskeunir:tinkan:berśtano+ ?f a"", ""ś+sebatitaŕ:? itan+aŕ""]",authentic
A.06.01,"[""kuleśtileis""]",authentic
A.06.02,"[""taŕtinskeŕ""]",authentic
A.06.03,"[""+uki""]",authentic
A.06.04,"[""si""]",authentic
A.09.01,"[""toḿbaŕ""]",authentic
A.09.02,"[""+i""]",authentic
A.04.12,"[""gud+""]",authentic
A.05.01,"[""balkar""]",authentic
A.08.01,"[""+ldiŕtige+in""]",authentic
A.08.02,"[""ninaŕen :""]",authentic
A.08.03,"[""atal""]",authentic
A.08.04,"[""bal"", ""s""]",authentic
A.08.05,"[""leitigeur""]",authentic
A.08.06,"[""aŕst""]",authentic
A.08.07,"[""utiś""]",authentic
A.08.08,"[""ito""]",authentic
A.08.09,"[""ia"", ""t""]",authentic
A.08.10,"[""ŕti+""]",authentic
A.08.11a,"[""ai""]",authentic
A.08.12,"[""ia""]",authentic
A.08.13,"[""la""]",authentic
A.08.14,"[""ta""]",authentic
A.08.15,"[""ia""]",authentic
A.08.11b,"[""saka""]",authentic
A.08.16,"[""ś""]",authentic
A.08.17,"[""ua""]",authentic
A.08.18,"[""ag""]",authentic
A.08.19,"[""s""]",authentic
A.10.04a,"[""ACOS""]",authentic
A.10.01,"[""ati+ŕiltirta""]",authentic
A.10.02,"["":kaiaka:""]",authentic
A.10.04b,"[""+LSAILACOS -"", ""- ELSADINI:COR -"", ""ESCRAD---+ -""]",authentic
V.17.03,"[""auba""]",authentic
V.17.04,"[""ina+""]",authentic
V.17.02,"["""", ""śeliŕ:ututa:baśiŕ:tarakar"", ""nki"", ""otalauki ? ?f ŕ:siel :?rikan"", ""etaDŕeŕ:sosintikeŕka:nanban"", ""baneśarikan :etaŕ urketiikeŕka:e ?f tiDŕ:laki"", ""saltulakokia kí"", ""n"", ""berśiŕka kí"", ""nartakerka kí"", ""n? l ? śtautinka kí"", ""nberśiŕka a o"", ""n kí"", ""n"", ""biurtakerka kí"", ""n?a Dltirka kí"", ""nsaltulakokia kí"", ""nsaltulakokia o"", ""n"", ""? beronka kí"", ""nberśiŕka o"", ""nsakarbaśka kí"", ""nberśiŕka ki"", ""naituar kí kia kí"", ""n"", ""kaniberonka kí"", ""nbiuriltirka kí"", ""ns ? kelka kí"", ""nbiurtakerka kí"", ""naituar kí ki a kí"", ""n""]",authentic
V.19.01a,"[""ś:ar:ta"", ""kobin++s+"", ""+tis++""]",authentic
V.19.01b,"[""as:arbeiluś"", ""s+:ikonbe:aras"", ""++ :kaś++r:""]",authentic
A.04.04,"[""uŕkeskeŕ:o"", ""iltunbaŕa"", ""ler:teŕki"", ""n :iltiŕ""]",authentic
A.04.06a,"[""sakalakúka:a I:o I kí I"", ""sikétaneśka :o I I I I I I I I"", """"]",authentic
A.04.01a,"["""", ""iŕike:orti:gaŕokan:dadula:baśk:"", ""buiśtiner:bagaŕok:sssX<:tuŕlbai"", ""luŕa:leguśegik:baseŕokeiunbaida:"", ""uŕke:basbidiŕbartin:iŕike:baseŕ"", ""okar:tebind:belagaśikauŕ:isbin"", ""ai:asgandis:tagisgaŕok:binike"", ""bin:śalir:kidei:gaibigait:"", ""sakaŕiskeŕ"", ""arnai:""]",authentic
A.04.03,"[""si+++++:++---+"", ""baidesir:bilosg+"", ""ŕe:biosildun""]",authentic
A.04.07,"[""ab--- v ilikeŕ""]",authentic
A.04.08,"[""iŕ"", ""k"", ""eŕe++"", ""deloŕ+"", ""toildi++"", ""+la++ŕna+"", ""oikidiu"", ""+alega""]",authentic
A.04.06b,"[""sakalakúka:e:kíbaskítar:o I I I I I I:kí I I"", ""o I I I I I I I I"", ""kí I kí I I"", ""a I I I I I I""]",authentic
A.04.01b,"[""iunstir:śalirg:basiŕtiŕ:sabaŕi"", ""dai:birinaŕ:guŕś:boiśtingiśdid:"", ""seśgeŕśduŕan:sesdiŕgadedin:"", ""seŕaikala:naltinge:bidudenin:ildu"", ""niŕaenai:bekoŕ:sebagediŕan""]",authentic
A.04.05,"[""basibeś:kaba""]",authentic
AB.07.05a,"[""aitikeltunki:iunśtiŕ:bekor:salbitas:otiroketa:banota kí an""]",authentic
AB.07.05b,"[""iskeriaŕ""]",authentic
A.03.01,"["""", ""ei-----bas"", ""to----n tiŕte:iunstirika:s"", ""tetena seiunstir+"", ""iunstir:ban takitin:"", ""biterokitin śinti"", ""eaiŕitiunstir tin:ban"", ""sabakiti"", ""i---------i---:śalir"", ""ŕti"", ""iti"", ""iba:isbini-----ke"", ""sbaka""]",authentic
TE.05.06,"[""kutuInḿbaŕbianer""]",authentic
TE.05.07,"[""ośanbaśaruśtiŕ"", """"]",authentic
TE.05.08,"[""aŕbiśaren""]",authentic
TE.05.09,"[""iltúrbilosenḿi"", ""iŕ"", ""to""]",authentic
TE.18.01,"[""seltarbanḿi"", ""bas--beŕuneni"", ""bastobaśorenḿi"", ""--babe--berbee"", ""ḿi""]",authentic
CS.22.01,"[""lkers""]",authentic
T.04.01,"[""leibiuŕ""]",authentic
CS.23.02,"[""ita""]",authentic
V.04.59,"[""i---"", ""---""]",authentic
AB.05.01,"[""biltiii""]",authentic
TE.11.01,"[""a""]",authentic
TE.11.30,"[""a""]",authentic
TE.11.09,"[""ta""]",authentic
TE.11.22,"[""to""]",authentic
TE.11.03,"[""+ balti""]",authentic
TE.11.28,"[""ban""]",authentic
TE.11.21,"[""ton""]",authentic
TE.11.20,"[""ebaΛSΠIIIΙ"", """"]",authentic
TE.11.17,"[""la""]",authentic
TE.11.05,"[""lti""]",authentic
TE.11.29,"["""", ""o"", ""ka"", ""kika""]",authentic
TE.10.01,"[""batu""]",authentic
Z.15.01,"[""aloŕ tikis""]",authentic
Z.15.02,"["":eka:""]",authentic
Z.14.02,"[""boka I I I I""]",authentic
TE.06.01,"[""oŕtintuḿbarsar""]",authentic
TE.06.02,"[""+ebantin:kelsekite:iusti---tir:bankite""]",authentic
TE.06.03,"[""kaikotekulsenkite:ś+""]",authentic
TE.06.04,"[""tautinkonḿ""]",authentic
TE.06.05,"[""lakueŕterḿi""]",authentic
TE.06.06,"[""lakeitor"", ""ti"", ""ti"", ""lake""]",authentic
TE.06.07,"[""+lbi+""]",authentic
TE.06.08,"[""ḿku""]",authentic
TE.05.01,"[""eikeboŕenḿiekuan""]",authentic
TE.05.02,"[""il""]",authentic
TE.05.05,"[""bim""]",authentic
TE.05.04,"[""arbiśkaŕ+""]",authentic
TE.16.01,"[""bil""]",authentic
TE.16.03,"["""", ""uŕkeatinḿ+balkar kikalka"", ""iltuneśkerkośkokaś+ iśaŕkatan""]",authentic
TE.19.01,"[""ikonḿkeiḿi iltubeleśeban""]",authentic
TE.19.02,"[""ta+++++ŕḿi""]",authentic
TE.19.03,"[""śḿi""]",authentic
CS.05.01,"[""sakaŕbeta nḿi""]",authentic
TE.15.01,"[""kalunseltar""]",authentic
TE.14.01,"[""ukunban""]",authentic
TE.11.23,"[""kakiba"", ""ta""]",authentic
TE.11.24,"[""ur""]",authentic
TE.11.25,"[""aiunin""]",authentic
TE.11.26,"[""śi""]",authentic
TE.11.27,"[""kiba""]",authentic
Z.16.01,"[""ośortaŕbanen"", ""siltariaribeŕ"", ""ariŕebore tar++"", ""eśabe""]",authentic
Z.16.02,"[""tu"", ""ŕkebe""]",authentic
SP.01.05,"[""aŕketuŕki :""]",authentic
TE.09.01,"[""baŕkeiar""]",authentic
TE.08.01,"[""niśtan""]",authentic
TE.11.15,"["""", ""n ban ka"", ""n ta""]",authentic
TE.11.16,"[""ban""]",authentic
V.22.01,"[""aŕkeikelbesteekiarte""]",authentic
SP.01.06,"[""tasbin:"", ""tialtu""]",authentic
CS.03.01,"[""ŕśtólká""]",authentic
CS.01.01,"[""--kośoŕtin""]",authentic
CS.01.02,"[""taŕbanikoŕ ḿi""]",authentic
CS.01.03,"[""sosintakeŕ""]",authentic
CS.04.01,"[""+ekakeŕikoŕḿi""]",authentic
CS.08.01,"[""nbataŕslakúśḿi""]",authentic
CS.08.02,"[""kúleś""]",authentic
CS.08.03,"[""balabekon++"", """"]",authentic
CS.11.01,"[""iltiŕbikis:"", ""en:seltar:"", ""ḿi"", """"]",authentic
CS.14.01,"[""ḿbaŕtiaikís:abaŕieikíte:sinebetín:uŕkékéŕeŕe:auŕunibeikéai"", ""astébeikéaie:ekáŕiu:atúniu:botuei:baitéskí:ekúsu:sosinbiuŕu"", ""boŕbeŕoniu:kośoiu:baiteskí:beŕikaŕsense:ultítékeŕaikase:"", ""aŕkitíker:aikas:balkébiuŕaies:baitésbaniekáŕse:""]",authentic
CS.18.01,"["""", ""iunstir:beleśaiŕ:kaŕkośkar:bastaibaitieba:balkélakośka:bitetui:bar+"", ""iunstir:ekiartone:beleśtar:senḿrun:etesilir:iunstir:etetur"", ""śaner:buranalir:bitan:a+ vacat tauti+"", ""vacat biten"", ""balkélakú""]",authentic
CS.19.01,"[""se""]",authentic
CS.21.03,"[""biuŕtikí:túskítar:"", ""a I o IIII:beleśbiŕeto"", ""ŕosair:baitésir"", ""kaeśakím""]",authentic
CS.21.04,"["""", ""kaka"", ""n"", ""ban""]",authentic
CS.21.05,"[""iŕe:bototaś:bitébakiŕśbane:baŕenḿliki:antinḿlitútúŕane:aŕikáŕ:sekén"", ""iusu:atilebeiu:lauŕiskéŕkáté:banḿliŕbaitúŕane:káisanḿliŕbaitúŕa:nei"", ""tailiniŕe:kútúr:bitéŕokététine:eŕatiaŕe:kókor:tauebartiaté:aŕikáŕbinḿlikise:"", ""iunstirlakú:bototaśeai:selkéaibartúneai:unibeikéai:aneŕai:unibeikéai:iu"", ""nstirlakú:uskéiké:bototiki:kéietisiaténse:uśtalarilune:banḿiŕeśu-"", ""lu:bitiŕokébeténse:uśkéaneŕlati""]",authentic
CS.21.06,"[""stir:atúne-nisoŕbarai:oŕtita+"", ""+iké:uskéiké:iustir:aneŕ:iustir:"", ""tir:bototaśeiké:uskéiké:iustiraŕeli"", ""++ne:śalir:oŕkéiabaŕa--i"", ""++---++""]",authentic
CS.21.07,"["""", ""+:iunstir:atúne:baŕbinkéai:uskéiké:iunstir-+aŕ--"", ""+"", "":bototaśeai:selkéaibartoneai:śanikéai:uskéiké:auŕuni"", ""beikéai:aneŕai:śanibeiŕai:leitaśeai:bototaśté:bantakíkia"", ""ŕatité:isai:iltúrsaiŕsai:aŕikaŕbinisai:borarnḿl"", ""++-aŕebinise:kálaisebakáŕatúŕane:itaŕartétaŕa:aśti"", ""ebakáŕatúŕane:iunsirḿi:beleśakineai:káŕestareai"", ""ton:bataŕatité:uskéikéai:siai:kéitiatélu:akíniŕté"", ""se:iakikinuŕe:basiaukékú:kúŕsiaukéku"", ""aŕine:itikéreutéti:belaiké:baseŕḿlbe+"", ""aŕeŕe:kútúboiké:basbitéŕokétine:iŕiká:"", ""iunstiriká:śelkiniustai:iunstir:baŕbin"", ""uskéikéai:iunstir:lakúnḿiltiŕte:"", ""atabeŕai:anḿbeŕai:uskéiké:iunstir""]",authentic
CS.21.08,"["""", ""iskéniuská a II"", ""kébelsilun--eikú"", ""baitési:abars+riu"", ""baŕstintiké+iu"", ""sosinbelská:o III"", ""kébelsilunin"", ""bokú""]",authentic
CS.20.01,"["""", ""+eté :las+++asoŕtina"", ""a""]",authentic
V.04.01,"[""aŕe:take"", ""aiunibaiseate"", ""teban:a""]",authentic
V.04.02,"[""leiske+"", ""balkarkiebe"", ""banekis:iŕa"", ""+""]",authentic
V.04.03,"[""balkeatin:isbeta"", ""ŕtiker:ebanen"", ""s---+--ikea""]",authentic
V.04.04,"["":ianbin:"", ""bekon:e""]",authentic
V.04.05,"[""tiker:ebanen""]",authentic
V.04.06,"[""aŕetake:sikeun"", ""ineban:neŕ"", ""eiltun:+""]",authentic
V.04.07,"[""isebel++"", ""intebele+""]",authentic
V.04.09,"[""lako+"", ""+:""]",authentic
V.04.10,"[""olortikirsbe"", ""ŕian:ḿitikirs"", ""eni:eterintu""]",authentic
V.04.11,"[""neŕseatin"", ""balkeatin:e""]",authentic
V.04.12,"[""nersiatin"", ""balkeatintae""]",authentic
V.04.13,"[""isbataŕis"", ""sere+e+"", "">IIIIeriri+""]",authentic
V.04.14,"[""n:kate:talsko"", ""+ś :arḿi talsko"", ""ḿise-ir+""]",authentic
V.04.15,"[""luin"", ""balken+"", ""++""]",authentic
V.04.16,"[""eiltul++""]",authentic
V.04.17,"[""karbaniśkér""]",authentic
V.04.18,"[""ebaiki""]",authentic
V.04.19,"[""kilo""]",authentic
V.04.20,"[""oŕ+""]",authentic
V.04.21,"[""kie""]",authentic
V.04.22,"[""la""]",authentic
V.04.23,"[""la""]",authentic
V.04.24,"[""uka""]",authentic
V.04.25,"[""arskoŕoiteniśuniar""]",authentic
V.04.47,"[""tébil""]",authentic
V.04.49,"[""iltúbokontetu++ar""]",authentic
V.04.27,"[""eŕtoa"", ""kaukoŕ""]",authentic
V.04.50,"["""", ""-uŕbokon---+"", "":baisuka---esite---""]",authentic
V.04.28,"["""", ""+aś---bo++"", ""aise:tanban"", ""ŕsie:botu"", ""i:aiunin"", ""aneŕ"", ""+---++"", ""n:borta"", ""ŕ:banete""]",authentic
V.04.51,"[""ultibaisertékaukoŕ""]",authentic
V.04.52,"[""uŕ""]",authentic
V.06.005,"[""es: iŕbetu++ti+""]",authentic
V.06.006,"[""--+i biten"", ""---en"", ""+tita"", ""-ŕekataŕti"", ""nḿuŕ--ti"", ""ikasunin"", ""kiŕ:inabaŕ-"", ""eśkertiban-"", ""biŕetaunin"", ""bibakon:tiei+"", ""LII""]",authentic
V.06.007,"[""""]",authentic
V.06.008,"["""", ""+baserté:bonantíté:nḿbaŕte:bortébara:káŕesirteekiar:banité:kaŕ"", ""+irten"", ""+tín+"", ""boi:ban"", ""ekiar"", ""n kaŕestabikíŕ"", ""ebiŕtéekíar"", ""olekáŕkóeki"", ""oŕotis:"", ""n káŕbi"", ""bébér"", ""bélar:ban:iŕ"", ""ban iŕ"", ""elbébébébébér tíbiserbaśtibaa"", ""bankutúriŕaker"", ""uŕkébas"", ""taŕa"", ""+banḿibae: śai +nboutin""]",authentic
V.06.009,"[""ebiŕkiśaleikukitekial+-iŕkeiabaŕiekitenoŕakaŕkuta++ŕekirulkersibertekitete""]",authentic
V.06.010,"[""bankuŕs:kaŕesbanite:ekiar:saltutibaite:iumstiŕ:toli--tane:basśumitatiniŕe""]",authentic
V.06.011,"[""kiskeŕ:ekiar:bankebeŕeiḿbaŕ-:baltuśer:ban:""]",authentic
V.06.012,"[""ko--s"", ""tuśerti"", ""ai bas kuekiar"", ""kemiekiar"", ""tataŕ""]",authentic
V.06.013,"[""rbankusekiar:biuŕtite+---+besuninkuekiar ḿbaŕkuśbanḿbaŕkuś""]",authentic
V.06.014,"["":baltuśer:bante:kus+""]",authentic
V.06.015,"[""eŕiar:bankuŕs:aitulkikute:na+"", ""+tunika""]",authentic
V.06.016,"[""bitinba:baniteḿbaŕ:ban:eŕeiskoltur:niśunin++""]",authentic
V.06.017,"[""eŕieun"", ""ne:benebetaner:iums"", ""ane"", ""abaśba+""]",authentic
V.06.018,"["""", ""kutur :oisor"", ""śś""]",authentic
V.06.019,"[""śaku s tiko""]",authentic
V.06.020,"[""aŕkibeśa---+ḿi""]",authentic
V.08.01,"[""baiśe+"", ""onos"", """"]",authentic
V.04.53 = V.04.50,"[""esite""]",authentic
V.04.54,"[""tibi"", ""uko"", ""ir""]",authentic
V.04.55,"[""koite"", """"]",authentic
V.04.56,"[""tu"", ""be""]",authentic
V.04.57,"[""koba""]",authentic
V.04.58,"[""tu""]",authentic
V.06.087,"[""boba""]",authentic
V.06.088,"[""bar""]",authentic
V.06.089,"[""kar""]",authentic
V.06.090,"[""na""]",authentic
V.06.091,"[""ban""]",authentic
V.06.092,"[""bo""]",authentic
V.06.093,"[""la""]",authentic
V.06.101,"[""tor""]",authentic
V.06.094,"[""e""]",authentic
V.06.095,"[""a""]",authentic
V.06.096,"[""a""]",authentic
V.06.097,"[""bal""]",authentic
V.06.098,"[""lta""]",authentic
V.06.099,"[""u""]",authentic
V.07.09,"[""biśśkatiteśk"", """"]",authentic
V.07.10,"[""n""]",authentic
V.03.01,"[""nauiba""]",authentic
V.06.004,"[""i""]",authentic
V.11.01,"[""la"", ""+"", """"]",authentic
V.12.01,"[""likine""]",authentic
V.12.02,"[""ban""]",authentic
V.12.03,"[""i""]",authentic
V.12.04,"[""ḿba+""]",authentic
V.12.05,"[""baś""]",authentic
V.18.01,"[""iltuŕka"", ""iśkeasko"", ""ebantibinke XXX"", ""e+"", """"]",authentic
CS.06.01,"[""tu""]",authentic
CS.06.02,"[""bo""]",authentic
CS.18.02,"[""+loŕsin"", ""ŕe:aŕikalerka"", ""tibaś:eŕtois :a"", ""lakúsekén"", ""osintiba"", ""túi""]",authentic
GI.21.01,"[""baika""]",authentic
CS.07.01,"[""bastokitaŕ""]",authentic
CS.23.01,"[""rabaḿ""]",authentic
CS.13.02,"[""lti""]",authentic
CS.13.01,"[""ḿbala""]",authentic
CS.16.01,"[""neŕsetikantekiarḿi""]",authentic
CS.21.01,"["""", ""+ŕkértalirbi"", ""ŕeŕ sabaŕi"", ""+iŕan+-a"", ""+nśalirbiteŕ"", ""nanabekáte biteŕ"", ""ketanbale uś"", ""ŕokétan"", ""n"", ""baŕ"", ""-++-taŕ"", ""-+i++bans"", ""+bi+ŕoketan""]",authentic
A.08.21,"[""śarg""]",authentic
V.01.01,"[""ḿskebabassba"", ""baisetaśiltutaśeba--"", ""nḿiseltarbanḿi"", ""beŕbeinarieukia"", ""-ḿikatuekaśkoloite"", ""kaŕieukiarseltarban"", ""ḿibasibalkarḿbaŕḿi""]",authentic
V.05.01,"[""biuŕbe""]",authentic
V.14.01,"[""batu""]",authentic
CS.21.02,"["""", ""bikirtibaśki:śalbi+-a"", ""ra-+tin"", ""birlako:irśtiŕ:ia"", ""+tin:ś ? akarna+""]",authentic
CS.17.01,"[""renḿi""]",authentic
V.02.01,"[""ŕiarban""]",authentic
CS.12.01,"[""iteŕlu""]",authentic
V.16.01,"["""", ""bekoiiltun:"", ""soribeis:"", ""uŕkaŕailur:"", ""tueitikeiltun:"", ""ikoŕiskeŕ:"", ""otoiltiŕ:"", ""selkiśkeŕ:"", ""otokeiltiŕ:"", ""iskeiltun:"", ""selkiḿiltun:"", ""IIIIIIIIIIIIIIIIIIIIII"", ""baisetatie""]",authentic
V.09.01,"[""+si""]",authentic
V.13.01,"["""", ""labeisiltúniŕ:abirkákie"", ""niŕ:koroiekérs:teŕkékineŕtin"", ""iku:kauniste:anbośiltúnu"", ""baiseltúnu:te:ukalkébars:belaikéberta"", ""se:kaliśkase:ebeŕeiké:erkunin+"", ""ŕeskinaké:uŕi:eŕkubete:ḿŕiŕkinu"", ""ŕe"", ""ka---ibaŕ"", ""n---kas---kaires"", ""nai---beŕbisitir"", ""bieite+niŕ---atale---berta"", ""e---ta"", ""n---r---aŕ--ekaba+bete--ŕin"", ""irsba---sankoseśuŕ:oe II"", ""śalir:labeisiŕ:kébelkaiŕa:kiteibors:kul"", ""eśbelauŕte:borariku:esasikua:etaŕe"", ""e rtikétorkaliśali:bale:V-:oŕtine"", ""r---śalir"", ""n---ai---oter"", ""orteŕire"", ""rtertin---bon"", ""itina---atobaŕ"", ""bakaśan"", ""staliŕkinu+i"", ""u"", ""r---ituibelauŕ"", ""+"", ""kekuleśbelauŕte:satiŕa"", ""lauŕbertontebitarśte:esatiŕan:"", ""kortiaśalir:tiaiteku:selkiososinkas"", ""teesan:VI:bekonkine:aŕesa:baśir:aŕeka"", ""iŕan:lakeiśei:bieikate:ustariké:la"", ""suŕ:atúlakéibors:lasiŕa:lau"", ""ŕbertonar"", ""kutelku""]",authentic
V.13.02,"["""", ""beŕtekéŕariku"", ""kalirbitarsteti+"", ""lauŕbertonar:LI"", ""kéltibeleśkakutitúku"", ""lu:n:baśir:kuŕu+"", ""r:bale:LΠ IIIII"", ""lauŕbertonarikutitú"", ""śorlakuḿiuneri"", ""berter:kéltibeleśkas"", ""anaterter:balelau+"", ""ir:kalśoserer:i"", ""++rkalira"", ""+arta+"", ""ilurka:ki:II:eIIIIII"", ""ka:V:IIIV-:bekonteké"", ""le:iluntorka:"", ""ka:V-:bale:eteitor:"", ""inka:eIIIII:aŕkisosinka"", ""kisinka:balkéniuska:"", ""kakutiaitetú:V-eIIII"", ""ŕtibanben:śaltirste"", ""+akéiśei:tautinko:ŕś: +"", ""rtiku:śaŕ:tabaiben:V-e"", ""balkétaś:be"", ""nkoka:akariśalir:VLI"", ""tibeleśka:akariśalir VII"", ""balkétaś""]",authentic
V.13.03,"["""", ""lauŕbertonte:aŕs--+-ŕetie"", ""śanikokaku:+latuneitin:tatúten"", ""Π I-:kaurban:VL:tóretin:VL:bale:lelaure"", ""ti:n:VL Π I śaliunibars:eŕkiŕs:iata"", ""iŕiteŕka:V:kueaile:ke:I L Π"", ""baiseltúnkaku+kuaitekun"", ""asaŕunki:e IIII"", ""ultitarebaśir:enbetiŕabekuniueŕku"", ""nl:IIII"", ""I:IIII:baiseltúnebaśiren"", ""baśurbiśisa :II"", ""nebetu"", ""eś osi"", ""atuabe"", ""iŕbal"", ""ailti"", ""śa"", ""iskeŕ"", ""eteiltuŕ"", ""koŕkoanetabebeŕtisutanbirtebir"", ""bisatialate abatekir"", ""unteŕkastúlir iskebekotue--nkeŕo"", ""steŕsituoitesnarar:keltibeleś"", ""belsosin:l"", ""nitekastúlir:keltibeleś i te"", ""na:i+be+skéŕekéiŕbaśa be---nti"", ""abaŕtir:teskebaites:nauŕa:leiskaŕsa"", ""ibaŕ:baŕkataŕar:oŕtin:unikateŕ"", ""tibeleś:aŕkisosin:tautintarban"", ""kasbi--+tonetiaitebenśalir:n"", ""kabaso iś"", ""tibeleśtelokiŕ:baśur:eŕeko"", ""túśertíetakatoŕśei---kite--ŕaŕeśaliner"", ""ŕ:baśirerter--irla---iketor--kairsba"", ""VΠY ate te---ur:keltibeleśte-ŕibas---te:baśta"", ""teŕ- bal---te---alate:-ki-etiśelekaŕ:taban"", ""-rokila-ala:keltibeleśla alate i"", ""aurtulokin---alate sutankébiur---nu"", ""túenśuśun su ir"", ""beikiar---r alate:keltibeleśte:baśur:"", ""barikoŕtaŕikoŕtastena baitikoŕeba:oŕtor:V:C:n--ke"", ""ké:kéltibeleśte""]",authentic
V.13.04,"["""", ""bankustin tetin"", ""arḿi"", ""l---iobe--e""]",authentic
V.13.05,"[""aber""]",authentic
V.13.06,"["""", ""tukala ś"", ""kaW"", ""ko-kiaW""]",authentic
V.07.01,"["""", ""bilosiunteśalir"", ""eka:ka IIIIIIIIIII elerte"", ""r:śalirbosita:śalibos"", ""nkantobante:inbeleténe"", ""itaekanete:śalir ka IIIIIIIIIII:"", ""tibanteba:śalibos:eténbilos"", ""śtentíste:aŕabaki:bóbaitinba"", ""kanekaśalir:ká IIIIIIIII"", ""ba:iuntíbilose"", ""tinba:baŕer:śalir"", ""ita:śalibos:eteŕai"", ""+aŕakaŕer:bobaitinba:"", ""ir:túntibaŕte:bobaitinba"", "":śalir ká IIIIIIIIIIIIIIIIIIII:""]",authentic
V.07.02,"["""", ""sakáŕatinte:iuśtir:baŕbinke:bantakon:atu+"", ""taŕati:ultitar:setalikéan:téśibiteruka+"", ""baśuikán:bakaraḿi:sekébitérosan:śuśu"", ""s:atun:bitirebabośin:ineḿuki:kitibabiŕbete"", ""betukineté:iuśtir:atúŕte"", ""bou""]",authentic
V.07.03,"["""", ""iuśtir"", ""ike:uske"", ""toa:Π"", ""ŕbinke :u"", ""nke:uskei"", ""ebitu+""]",authentic
V.07.04,"[""biloste"", ""keŕana"", ""ta +"", ""ban"", ""a"", ""ta +""]",authentic
V.07.05,"[""bika++:ilkun:"", ""iltuŕ""]",authentic
V.07.06,"[""te:isśaletar:aten+""]",authentic
V.07.07,"[""balkarte:ekiar+""]",authentic
V.06.029,"[""iarban:bastesiltiŕte""]",authentic
V.06.026,"[""+ban:unskeltekiar:ban:""]",authentic
V.09.02,"["""", ""bekoŕabaŕ II---"", ""ko""]",authentic
V.20.01,"[""śanos:seltaŕs:anbaiaŕ:elibors:ati+"", ""isa+ltia III"", """"]",authentic
V.10.01,"[""+arnukikeba ---l"", ""lisabotiŕkasete+---kila"", ""euraŕketekosirkaisan""]",authentic
V.04.32,"[""kitau""]",authentic
V.06.081,"[""iar:""]",authentic
CS.13.03,"[""slki""]",authentic
CS.21.11,"["""", ""iataai iata"", ""iḿa""]",authentic
MU.01.02,"[""kaŕb""]",authentic
SP.01.03,"[""beloŕtin"", ""beśośtur"", ""in kiśu"", ""keŕ IIIŕte"", ""ki+lr""]",authentic
V.06.021,"[""baltúś"", ""biteḿbaŕ+"", ""+ŕboionu+++""]",authentic
V.06.022,"[""kus:bekoniltiŕ+"", ""ibesala+""]",authentic
V.06.023,"[""abartanban:balkeuni""]",authentic
L.13.02,"[""abi---""]",authentic
V.06.024,"[""eŕiar:ban:balkebe+""]",authentic
V.06.025,"[""ibaraibante eŕiarban:bai""]",authentic
V.06.027,"[""unis-ltekiar:kinsi""]",authentic
V.06.028,"[""+:baśbaneutarḿi+""]",authentic
V.06.030,"[""ar:teḿbaŕese:bani+""]",authentic
V.06.031,"[""teḿba+---bante:bantibate""]",authentic
V.06.032,"["":tolí+ká+ki+erkúsi"", "": tolírbitaneborkúsi""]",authentic
V.06.033,"[""benebetaner:unsir:+""]",authentic
V.06.034,"[""+kiekon:ekiaku""]",authentic
V.06.035,"[""asete:atirtikíki""]",authentic
TE.02.469,"[""kutuki""]",authentic
V.06.036,"[""istoś+---+inḿbaŕ""]",authentic
V.06.037,"[""tetutin:antoŕba+"", ""en:toŕos+""]",authentic
V.06.038,"[""suniśanibanite""]",authentic
V.06.039,"[""e:tuitui+""]",authentic
V.06.040,"[""+++baŕe:kutur+""]",authentic
V.06.041,"[""te:oisor""]",authentic
V.06.042,"[""+:eneki""]",authentic
V.06.043,"["":iltiŕ""]",authentic
V.06.044,"[""ŕelaŕte:e""]",authentic
V.06.045,"[""beŕ+"", ""nite:abaŕ""]",authentic
V.06.046,"[""taŕbariniŕ:+""]",authentic
V.06.047,"[""nlesar:e+""]",authentic
V.06.048,"[""okumbetane:""]",authentic
V.06.049,"[""+iar:ba+""]",authentic
V.06.050,"[""+utibaite""]",authentic
V.06.051,"["":abartanban:ete""]",authentic
V.06.052,"[""śbaniŕ:""]",authentic
V.06.053,"[""kebaiŕate+""]",authentic
V.06.054,"[""saŕesu+""]",authentic
V.06.055,"[""bokúsil""]",authentic
V.06.056,"[""+kase:""]",authentic
V.06.057,"[""+iban:ba+""]",authentic
V.06.058,"[""tibaite:""]",authentic
V.06.059,"[""iti""]",authentic
V.06.060,"[""unina""]",authentic
V.06.061,"[""nieki""]",authentic
V.06.062,"[""ituba+""]",authentic
V.06.063,"[""taŕar""]",authentic
V.06.064,"[""+arbo""]",authentic
V.06.065,"[""a++""]",authentic
V.06.066,"[""rbo""]",authentic
V.06.067,"[""aḿ+""]",authentic
V.06.068,"[""+++be""]",authentic
V.06.069,"[""eŕ+""]",authentic
V.06.070,"[""ir""]",authentic
V.06.071,"[""bane""]",authentic
V.06.072,"[""in""]",authentic
V.06.073,"[""ni+""]",authentic
V.06.074,"[""+i+""]",authentic
V.06.075,"[""+++a:baseŕke na:tusbanbase"", ""ia""]",authentic
V.06.076,"[""bainakarkaśar"", ""+e"", ""++ ir""]",authentic
V.06.077,"[""+++rbante-kiarbaniḿbaŕe"", ""banebar""]",authentic
V.06.078,"[""s:tana""]",authentic
V.06.079,"[""bee""]",authentic
V.04.31,"[""ku:eba""]",authentic
V.04.40,"[""+++e+++"", ""i++++ś""]",authentic
V.04.41,"[""+te""]",authentic
V.04.42,"[""n"", ""i+"", ""+""]",authentic
V.04.43,"[""n"", ""---""]",authentic
V.04.44,"[""lte"", ""+"", ""---""]",authentic
V.04.45,"[""---"", ""ḿi"", ""---""]",authentic
SP.04.05,"[""+ilbe""]",authentic
AB.07.04,"[""lur++++""]",authentic
V.00.01,"["""", ""+rba:nkearsboiltiŕ:baitibo++ŕ"", ""i---n"", ""etéḿiltiŕ:baiesatababeŕ"", ""arkio""]",authentic
CS.15.01,"[""ŕbatiru:te""]",authentic
V.04.34,"[""---"", ""tuba+"", ""+ban"", ""---""]",authentic
AB.06.01,"[""keti+n:urke+ken""]",authentic
AB.06.02,"[""keilu""]",authentic
AB.06.03,"["":tautan""]",authentic
AB.06.04,"[""u:akalu:ala+ltun:śalbibaiaŕ vacat""]",authentic
A.09.04,"[""eś-nikiteikul"", ""ES AMICV"", ""ireka"", """"]",suspecta
A.01.01,"["""", ""e?fokíbuW""]",authentic
MU.03.01,"[""babalka""]",authentic
MU.06.01,"[""batibaba""]",authentic
V.15.03,"[""utalbi""]",authentic
MU.02.01,"[""bani""]",authentic
V.15.01,"[""+ś"", ""ilun"", """"]",authentic
A.13.01,"[""il""]",authentic
A.10.07,"[""bakeokebaś""]",authentic
AB.08.01,"[""kobesiŕekían"", ""karesi"", """"]",authentic
CS.21.09,"[""inti+:iunśtir : aŕebin++"", ""kaŕ++an arsabaŕn+biteroketo+"", ""lekútaanauki++r"", ""uśekieśtiŕo+tin""]",authentic
V.04.30,"["""", ""ke:iŕtu"", ""eikeses:biuŕ"", ""unstirika"", ""nikan"", ""tana:tisa"", ""natuan:uŕi"", ""iŕseikiki:baike"", ""ŕi:""]",authentic
V.06.001,"[""baśer:arskótáŕ:eukilu"", ""sukúŕba:bitetean"", ""ekaŕbabitibóan""]",authentic
CS.13.04,"[""tike""]",authentic
CS.13.05,"[""ie""]",authentic
CS.13.06,"[""tel""]",authentic
CS.13.07,"["""", ""iltúbaiŕ"", ""bartalban"", ""iltubai+""]",authentic
CS.13.08,"[""ka:ḿbaŕe: setí"", ""tunkí:akirtíki:"", ""ebar-eku""]",authentic
CS.10.01,"[""beleśbaiser"", ""enḿi""]",authentic
CS.07.02,"[""ukatatie""]",authentic
V.06.080,"[""ar""]",authentic
V.06.086,"[""i---kan""]",authentic
V.07.08,"[""m""]",authentic
V.04.46,"[""m""]",authentic
V.04.48,"[""lo""]",authentic
HER.02.001,"[""baikár"", """"]",authentic
HER.02.003,"[""biuŕtáŕ"", """"]",authentic
HER.02.005,"[""a+""]",authentic
HER.02.006,"[""kán""]",authentic
HER.02.007,"[""bilo""]",authentic
HER.02.009,"[""itutíltéḿi""]",authentic
HER.02.010,"[""biuŕtá""]",authentic
HER.02.011,"[""aŕ""]",authentic
HER.02.013,"[""bikilakó"", ""kéltáio"", ""okátor""]",authentic
HER.02.014,"[""aŕkitíbaśar""]",authentic
HER.02.015,"[""o+ś+uŕkeban"", ""+++"", ""auetíŕiśanḿi"", ""auetíŕiśarḿi"", """"]",authentic
HER.02.016,"[""atinbinḿr""]",authentic
HER.02.017,"[""lakubiŕko""]",authentic
HER.02.018,"[""itónkio""]",authentic
HER.02.019,"[""atán""]",authentic
HER.02.020,"[""kátúiśar""]",authentic
HER.02.021,"[""atákó""]",authentic
HER.02.022,"[""unibetin""]",authentic
HER.02.023,"[""sano""]",authentic
HER.02.024,"[""selkiteŕar""]",authentic
HER.02.025,"[""ibeśoren""]",authentic
HER.02.026,"[""tátáala atetúarḿi""]",authentic
HER.02.027,"[""unisanḿi""]",authentic
HER.02.028,"[""kaŕtíŕiś+"", ""kír""]",authentic
HER.02.029,"[""talskúbilos""]",authentic
HER.02.030,"[""aŕki""]",authentic
HER.02.031,"[""aŕskeŕe"", ""tol""]",authentic
HER.02.032,"[""lká""]",authentic
HER.02.033,"[""belan"", ""káŕaté"", ""kásiké"", ""betule:e III""]",authentic
HER.02.034,"[""alati""]",authentic
HER.02.035,"[""alostíbaś""]",authentic
HER.02.036,"[""anaiośarenḿi"", ""ΔΔΔ Π""]",authentic
HER.02.037,"[""anaiośaren ḿi""]",authentic
HER.02.038,"[""ane"", ""-n---tia-""]",authentic
HER.02.039,"[""anetilike""]",authentic
HER.02.040,"[""anbels""]",authentic
HER.02.041,"[""aŕbeitia"", ""atibe""]",authentic
HER.02.042,"[""asetíl"", ""asetile""]",authentic
HER.02.043,"[""+skeŕbinḿ""]",authentic
HER.02.044,"[""+skeŕbinaŕḿi""]",authentic
HER.02.045,"[""aśuneḿie""]",authentic
HER.02.046,"[""iaténa""]",authentic
HER.02.047,"[""auḿba""]",authentic
HER.02.048,"[""lakinḿi""]",authentic
HER.02.049,"[""erbe""]",authentic
HER.02.050,"[""kaŕoka""]",authentic
HER.02.051,"[""kátúŕe"", ""tás""]",authentic
HER.02.052,"[""kiśa""]",authentic
HER.02.053,"[""kobakie:nḿi""]",authentic
HER.02.054,"[""kúleśba""]",authentic
HER.02.055,"[""oití""]",authentic
HER.02.056,"[""okáin""]",authentic
HER.02.057,"[""ośain"", ""nn""]",authentic
HER.02.058,"[""ośain""]",authentic
HER.02.059,"[""ośiobaŕenḿi""]",authentic
HER.02.060,"[""balkéskar""]",authentic
HER.02.061,"[""baŕḿi""]",authentic
HER.02.062,"[""bilo""]",authentic
HER.02.063,"[""bitúkibaś""]",authentic
HER.02.064,"[""táśkúbilos""]",authentic
HER.02.065,"[""ŕuta""]",authentic
HER.02.066,"[""suauke""]",authentic
HER.02.067,"[""śuaté""]",authentic
HER.02.068,"[""tibaibailatíbe""]",authentic
HER.02.069,"[""tíkúś""]",authentic
HER.02.070,"[""tilur""]",authentic
HER.02.072,"[""tóbeŕ""]",authentic
HER.02.073,"[""tástéo II""]",authentic
HER.02.074,"[""tóutó""]",authentic
HER.02.075,"[""uŕaśu""]",authentic
HER.02.076,"[""aká""]",authentic
HER.02.077,"[""an"", ""u""]",authentic
HER.02.078,"[""an"", ""an""]",authentic
HER.02.079,"[""an""]",authentic
HER.02.080,"[""am""]",authentic
HER.02.081,"[""a"", ""ti""]",authentic
HER.02.082,"[""atí""]",authentic
HER.02.083,"[""ato""]",authentic
HER.02.084,"[""*ka"", ""śo""]",authentic
HER.02.085,"[""el""]",authentic
HER.02.086,"[""en"", ""ś"", ""a""]",authentic
HER.02.087,"[""eba"", ""e"", ""+""]",authentic
HER.02.088,"[""eba""]",authentic
HER.02.089,"[""iko""]",authentic
HER.02.090,"[""iko""]",authentic
HER.02.091,"[""i"", ""tí""]",authentic
HER.02.092,"[""kátú""]",authentic
HER.02.093,"[""kel""]",authentic
HER.02.094,"[""biḿ""]",authentic
HER.02.095,"["""", ""ko e""]",authentic
HER.02.097,"[""kúl""]",authentic
HER.02.098,"[""ḿba""]",authentic
HER.02.099,"[""os""]",authentic
HER.02.100,"[""bati""]",authentic
HER.02.101,"[""bil""]",authentic
HER.02.103,"[""ŕi""]",authentic
HER.02.105,"[""ḿta"", """"]",authentic
HER.02.106,"[""tíki""]",authentic
HER.02.107,"[""tóu""]",authentic
HER.02.108,"[""ale""]",authentic
HER.02.109,"[""s albe"", ""L"", """"]",authentic
HER.02.110,"[""a+""]",authentic
HER.02.111,"[""an""]",authentic
HER.02.112,"[""aŕs""]",authentic
HER.02.113,"[""ati""]",authentic
HER.02.114,"[""iś""]",authentic
HER.02.115,"[""kál""]",authentic
HER.02.116,"[""káŕkóu""]",authentic
HER.02.117,"[""kásike""]",authentic
HER.02.118,"[""kási""]",authentic
HER.02.119,"[""kau""]",authentic
HER.02.120,"[""ke+""]",authentic
HER.02.121,"[""kiś+""]",authentic
HER.02.122,"[""koti""]",authentic
HER.02.123,"[""kúi""]",authentic
HER.02.124,"[""ḿbasi""]",authentic
HER.02.125,"[""balante""]",authentic
HER.02.126,"[""bil""]",authentic
HER.02.127,"[""bilo""]",authentic
HER.02.128,"[""biuitu""]",authentic
HER.02.129,"[""betá""]",authentic
HER.02.130,"[""tás""]",authentic
HER.02.131,"[""táś""]",authentic
HER.02.132,"[""śa+"", """"]",authentic
HER.02.133,"[""śu+""]",authentic
HER.02.134,"[""taśkí""]",authentic
HER.02.135,"[""tini""]",authentic
HER.02.136,"[""tóu"", ""be""]",authentic
HER.02.137,"[""ol""]",authentic
HER.02.138,"[""káká""]",authentic
HER.02.139,"[""ora"", """"]",authentic
HER.02.140,"[""ŕtúa""]",authentic
HER.02.141,"[""kostua""]",authentic
HER.02.142,"[""tékíe""]",authentic
HER.02.143,"[""śke""]",authentic
HER.02.144,"[""túle""]",authentic
HER.02.145,"[""ile""]",authentic
HER.02.146,"[""ko*""]",authentic
HER.02.147,"[""lotiŕe""]",authentic
HER.02.148,"[""+ḿi""]",authentic
HER.02.149,"[""+ḿi""]",authentic
HER.02.150,"[""lti""]",authentic
HER.02.151,"[""+eiakun""]",authentic
HER.02.152,"[""keio"", ""io""]",authentic
HER.02.153,"[""ao""]",authentic
HER.02.154,"[""atitá""]",authentic
HER.02.155,"[""ir""]",authentic
HER.02.156,"[""+balior""]",authentic
HER.02.157,"[""balior""]",authentic
HER.02.158,"[""+or""]",authentic
HER.02.159,"[""titeŕ""]",authentic
HER.02.160,"[""kóues""]",authentic
HER.02.161,"[""atáiś""]",authentic
HER.02.162,"[""intú""]",authentic
HER.02.163,"[""aiś""]",authentic
HER.02.164,"[""a"", ""anbaśto""]",authentic
HER.02.165,"[""eŕeté""]",authentic
HER.02.166,"[""eŕe""]",authentic
HER.02.167,"[""eśkí""]",authentic
HER.02.168,"[""etín""]",authentic
HER.02.169,"[""kéno+""]",authentic
HER.02.170,"[""leoŕ""]",authentic
HER.02.171,"[""losa""]",authentic
HER.02.172,"[""ḿlbe""]",authentic
HER.02.173,"[""balkenḿi""]",authentic
HER.02.174,"[""ḿbaŕe""]",authentic
HER.02.175,"[""+bela+""]",authentic
HER.02.176,"[""bitiḿ""]",authentic
HER.02.177,"[""++táleḿ""]",authentic
HER.02.178,"[""táśu+""]",authentic
HER.02.179,"[""ŕiḿ+""]",authentic
HER.02.180,"[""atinḿi""]",authentic
HER.02.181,"[""tikuŕ""]",authentic
HER.02.182,"[""tiḿbe""]",authentic
HER.02.183,"[""ŕtúbaŕe""]",authentic
HER.02.184,"[""+uaśe+""]",authentic
HER.02.185,"[""uŕsi""]",authentic
HER.02.186,"[""la""]",authentic
HER.02.187,"[""aka""]",authentic
HER.02.188,"[""an""]",authentic
HER.02.189,"[""e+""]",authentic
HER.02.190,"[""eka""]",authentic
HER.02.191,"[""i+""]",authentic
HER.02.192,"[""itú""]",authentic
HER.02.193,"[""ike""]",authentic
HER.02.194,"[""iko""]",authentic
HER.02.195,"[""kíŕ""]",authentic
HER.02.196,"[""ka+""]",authentic
HER.02.197,"[""kaka"", """"]",authentic
HER.02.198,"[""baka"", ""I+""]",authentic
HER.02.199,"[""katí""]",authentic
HER.02.200,"[""nké""]",authentic
HER.02.202,"[""tal+""]",authentic
HER.02.203,"[""la""]",authentic
HER.02.204,"[""lká""]",authentic
HER.02.205,"[""+lo""]",authentic
HER.02.206,"[""nḿ""]",authentic
HER.02.207,"[""nḿ""]",authentic
HER.02.208,"[""kiḿba""]",authentic
HER.02.209,"[""kébe""]",authentic
HER.02.210,"[""ben""]",authentic
HER.02.211,"[""beti""]",authentic
HER.02.212,"[""biu""]",authentic
HER.02.213,"[""ŕi+""]",authentic
HER.02.214,"[""si""]",authentic
HER.02.215,"[""aske""]",authentic
HER.02.216,"[""kíŕ""]",authentic
HER.02.217,"[""+ś""]",authentic
HER.02.218,"[""śo""]",authentic
HER.02.219,"[""te+""]",authentic
HER.02.220,"[""tin""]",authentic
HER.02.221,"[""+ti""]",authentic
HER.02.222,"[""tíki""]",authentic
HER.02.223,"[""tóu""]",authentic
HER.02.224,"[""utu""]",authentic
HER.02.225,"[""uḿ""]",authentic
HER.02.226,"[""ua""]",authentic
HER.02.227,"[""ui+""]",authentic
HER.02.228,"[""uki""]",authentic
HER.02.229,"[""u"", ""ḿke""]",authentic
HER.02.230,"[""téti""]",authentic
HER.02.231,"[""katún""]",authentic
HER.02.232,"[""banba""]",authentic
HER.02.233,"[""betéleto""]",authentic
HER.02.234,"[""un""]",authentic
HER.02.235,"[""aŕu""]",authentic
HER.02.236,"[""ḿi""]",authentic
HER.02.237,"[""+ni""]",authentic
HER.02.238,"[""aŕ""]",authentic
HER.02.239,"[""kíŕi""]",authentic
HER.02.240,"[""śa""]",authentic
HER.02.241,"[""atia""]",authentic
HER.02.242,"[""lebio""]",authentic
HER.02.243,"[""ueŕilo"", ""ueŕilo""]",authentic
HER.02.244,"[""ikálon""]",authentic
HER.02.245,"[""kátú+""]",authentic
HER.02.246,"[""bela+""]",authentic
HER.02.247,"[""oke""]",authentic
HER.02.248,"[""kénḿi""]",authentic
HER.02.249,"[""atíśakéḿi""]",authentic
HER.02.250,"[""osati""]",authentic
HER.02.251,"[""+l""]",authentic
HER.02.252,"[""ko"", ""l+""]",authentic
HER.02.253,"[""+ntás""]",authentic
HER.02.254,"[""alosoŕtinarḿi"", ""atin"", ""l"", """"]",authentic
HER.02.255,"[""káiuḿi""]",authentic
HER.02.256,"[""śanuke""]",authentic
HER.02.257,"[""śeŕtúbaŕeḿi""]",authentic
HER.02.258,"[""oŕ"", ""auŕtéḿbaŕe"", ""ar""]",authentic
HER.02.259,"[""a:ue+""]",authentic
HER.02.260,"[""ikó""]",authentic
HER.02.261,"[""kio+""]",authentic
HER.02.262,"[""ln""]",authentic
HER.02.263,"[""atá""]",authentic
HER.02.264,"[""+obe""]",authentic
HER.02.265,"[""baś""]",authentic
HER.02.266,"[""+ŕ""]",authentic
HER.02.267,"[""kí""]",authentic
HER.02.268,"[""eśkínke""]",authentic
HER.02.269,"[""ikóŕtíbaś"", ""ḿbaské""]",authentic
HER.02.270,"[""ikúśkétínar""]",authentic
HER.02.271,"[""ikúśkétínar""]",authentic
HER.02.272,"[""kabiŕilo""]",authentic
HER.02.273,"[""balkaketur"", """"]",authentic
HER.02.274,"[""bilostíbaś:aḿi""]",authentic
HER.02.275,"[""-tesuŕ""]",authentic
HER.02.276,"[""ako""]",authentic
HER.02.277,"[""eś""]",authentic
HER.02.278,"[""iś""]",authentic
HER.02.279,"[""kan""]",authentic
HER.02.280,"[""kaba""]",authentic
HER.02.281,"[""ti+""]",authentic
HER.02.282,"[""eu""]",authentic
HER.02.283,"[""ḿbaŕatil""]",authentic
HER.02.284,"[""ḿbe""]",authentic
HER.02.285,"[""śan--ki"", ""n-+""]",authentic
HER.02.286,"[""śenikate""]",authentic
HER.02.287,"[""utí""]",authentic
HER.02.288,"[""ile""]",authentic
HER.02.289,"[""ite""]",authentic
HER.02.290,"[""+i""]",authentic
HER.02.291,"[""nḿi""]",authentic
HER.02.292,"[""nśarenḿi""]",authentic
HER.02.293,"[""ikíatinḿi""]",authentic
HER.02.294,"[""ila*iśarḿi""]",authentic
HER.02.295,"[""tál""]",authentic
HER.02.296,"[""on""]",authentic
HER.02.297,"[""touko : ++""]",authentic
HER.02.299,"[""+s""]",authentic
HER.02.300,"[""kéu""]",authentic
HER.02.301,"[""+bia+"", ""śetú*+""]",authentic
HER.02.302,"[""ibetén""]",authentic
HER.02.303,"[""iśnti""]",authentic
HER.02.304,"[""kie:n+""]",authentic
HER.02.305,"[""ultí+""]",authentic
HER.02.306,"[""n+abaeninbaḿe+""]",authentic
HER.02.307,"[""ti"", ""biŕ+""]",authentic
HER.02.308,"[""--baroto+""]",authentic
HER.02.309,"[""ŕtínka""]",authentic
HER.02.310,"[""śunuke : +""]",authentic
HER.02.311,"[""aŕ""]",authentic
HER.02.312,"[""aŕ+""]",authentic
HER.02.313,"[""+au+""]",authentic
HER.02.314,"[""ei+""]",authentic
HER.02.315,"[""eto""]",authentic
HER.02.316,"[""+i+""]",authentic
HER.02.317,"[""i+""]",authentic
HER.02.318,"[""kin""]",authentic
HER.02.319,"[""li""]",authentic
HER.02.320,"[""nti+""]",authentic
HER.02.321,"[""to""]",authentic
HER.02.322,"[""biuŕtan""]",authentic
HER.02.323,"[""istá""]",authentic
HER.02.324,"[""alo*"", ""III táu IIIII""]",authentic
HER.02.325,"[""atíenḿi""]",authentic
HER.02.326,"[""a+--tíkaŕatú""]",authentic
HER.02.327,"[""kaie""]",authentic
HER.02.328,"[""kánio"", ""a""]",authentic
HER.02.329,"[""likíu""]",authentic
HER.02.330,"[""títor""]",authentic
HER.02.331,"[""tiuiś""]",authentic
HER.02.332,"[""tóutóŕ+""]",authentic
HER.02.333,"[""untikóŕiśarḿi""]",authentic
HER.02.334,"[""aka""]",authentic
HER.02.335,"[""tu n"", ""oke"", ""śtú""]",authentic
HER.02.336,"[""iltiŕs+""]",authentic
HER.02.337,"[""kobaŕ+""]",authentic
HER.02.338,"[""tolo""]",authentic
HER.02.339,"[""túr""]",authentic
HER.02.340,"[""eri""]",authentic
HER.02.341,"[""śtánutu""]",authentic
HER.02.342,"[""stán+""]",authentic
HER.02.343,"[""+a+""]",authentic
HER.02.344,"[""i+""]",authentic
HER.02.345,"[""+i+""]",authentic
HER.02.346,"[""lu""]",authentic
HER.02.347,"[""+ŕ+""]",authentic
HER.02.348,"[""tátíŕor*""]",authentic
HER.02.349,"[""atús""]",authentic
HER.02.350,"[""lo""]",authentic
HER.02.351,"[""tésile""]",authentic
HER.02.352A,"[""uaśile"", """"]",authentic
HER.02.353A,"[""ile""]",authentic
HER.02.354,"[""tón"", ""teki""]",authentic
HER.02.355A,"[""+ekor""]",authentic
HER.02.356A,"[""iko-teŕ""]",authentic
HER.02.357,"[""tátúŕ""]",authentic
HER.02.358A,"[""tatú""]",authentic
HER.02.359A,"[""tátuŕ"", """"]",authentic
HER.02.360A,"[""a ti"", ""ko n""]",authentic
HER.02.361,"[""n ko"", ""ti a""]",authentic
HER.02.362,"[""atiŕu++""]",authentic
HER.02.363,"[""a+ka""]",authentic
HER.02.364,"[""latúbaŕe"", ""ntá kiar""]",authentic
HER.02.365,"[""baŕe"", ""ntá kia""]",authentic
HER.02.366,"[""nkiar""]",authentic
HER.02.367,"[""tuŕtúlaŕka""]",authentic
HER.02.368,"[""kaŕś++ka++""]",authentic
HER.02.369,"[""tíŕi""]",authentic
HER.02.370,"[""túŕ""]",authentic
HER.02.371,"[""teua"", ""baka""]",authentic
HER.02.372,"[""tiba""]",authentic
HER.02.373,"[""kátúbaŕeká:sisbibaŕkéiké:kalirike:túntiké:n"", ""kábielakeutárike:ursa:e*śirike erteriké"", ""kaŕeśoŕieiké:istaŕ:túntikéne*śirs:ká"", ""latiorne*śirs:kátioibiistaŕbis:laŕakol"", ""beitóretáitór:oŕoikáśtóretáitór"", ""lokáŕkíkeetán""]",authentic
HER.01.03,"[""kilutaru""]",authentic
AUD.02.02,"[""bako"", ""+tokiti i+te:""]",authentic
AUD.02.03,"[""ḿtibiu""]",authentic
AUD.02.04,"[""uŕ""]",authentic
AUD.02.05,"[""iba""]",authentic
AUD.02.06,"[""ban""]",authentic
AUD.02.07,"[""tí+""]",authentic
AUD.02.08,"[""+ka""]",authentic
AUD.02.09,"[""tátúŕenḿi""]",authentic
AUD.02.10,"["""", ""ká"", ""ŕtáś"", ""ŕe"", ""akánur"", ""belsoŕ"", ""tíkírstíker""]",authentic
AUD.01.01,"[""noukoś""]",authentic
AUD.01.02,"[""túŕtúlaŕka"", ""ŕka""]",authentic
AUD.01.03,"[""teŕ+"", ""be+""]",authentic
AUD.05.01,"[""kabesuresis+nkotar eitakér"", ""unisanḿi++++ké""]",authentic
AUD.05.02,"[""olatón"", ""biuŕ""]",authentic
AUD.05.03,"[""tólonkia""]",authentic
AUD.05.04,"[""kátú""]",authentic
AUD.05.05,"[""beti""]",authentic
AUD.05.06,"[""atáse+""]",authentic
AUD.05.07,"[""aubi+""]",authentic
AUD.05.08,"[""oŕkaś kí+++--aŕenḿi""]",authentic
AUD.05.09,"[""atán""]",authentic
AUD.05.10,"[""bilo"", ""ḿ""]",authentic
AUD.05.11,"[""eŕskónḿi"", ""ME""]",authentic
AUD.05.12,"[""ŕskón""]",authentic
AUD.05.13,"[""eŕskonḿi""]",authentic
AUD.05.14,"[""ḿiatá"", ""i""]",authentic
AUD.05.15,"[""ḿiatá""]",authentic
AUD.05.16,"[""ḿbeŕ""]",authentic
AUD.05.17,"[""uŕḿḿbeŕ"", ""leistíkeŕaŕḿi"", ""ḿ""]",authentic
AUD.05.18,"[""leki""]",authentic
AUD.05.19,"[""le""]",authentic
AUD.05.20,"[""ilti"", ""sale"", ""kél""]",authentic
AUD.05.21,"[""sa tú"", ""l""]",authentic
AUD.05.22,"[""aś""]",authentic
AUD.05.23,"[""ati"", ""u"", ""u""]",authentic
AUD.05.24,"[""ilti"", ""iu""]",authentic
AUD.05.25,"[""+nḿi""]",authentic
AUD.05.26,"[""ḿi""]",authentic
AUD.05.27,"[""be"", ""il""]",authentic
AUD.05.28,"[""uḿ+""]",authentic
AUD.05.29,"[""tuko""]",authentic
AUD.05.30,"[""ś""]",authentic
AUD.05.31,"[""sakáŕbetin""]",authentic
AUD.05.32,"[""biuŕkótákiar"", ""ibeitíkeŕtákiar""]",authentic
AUD.05.33,"[""táŕuŕśa"", ""r""]",authentic
AUD.05.34,"[""eisbuŕeban"", ""bakáśkétéi+uŕeś"", ""tíniŕ:baiteskike:"", ""norotáŕ:atinbuŕ"", ""ikéi:kúleśkéŕe:"", ""bastíke:leosir:bilos"", ""tíbaś:tíkirsbin:"", ""‡tuoŕiś:baśbin:tákálś -"", ""or:atine:beleśbaś:"", ""aŕsbin:kánbuloike"", ""bakáśkétéi:kiskéŕtán:"", ""eśuŕeśuniŕ:"", ""------------------"", ""selkitáŕa śalkitei"", ""ké:kánbuloilereutí"", ""niŕ:bekóŕtóisabe-"", ""liŕ:tateiarikáne"", ""------------------"", ""abelkiŕtiká:ntéteia"", ""rikáne:baiteskike:kúl"", ""eśkéŕe:iltiŕśar"", ""-- atinkeŕeatán:ati -"", ""nbin:litúŕiśuaśtí"", ""śo:toilakóni:bastí"", ""ŕ:alaśbuŕ:ḿino:atá"", ""niké""]",authentic
AUD.05.35,"[""kúleśbuŕka"", ""nisoŕbateike"", ""kílekáŕkéloŕ"", ""suŕsebetíka:baite"", ""seŕtínké:kúleśké"", ""ŕekekuleśiri"", ""ke lekáŕkéloŕ"", ""suŕabetíkabaite"", ""sbitískéis:banśor"", ""iltiŕtíkeŕ:bilos"", ""tibaśibeisur:bil"", ""osleistíkeŕ:bil"", ""stíkis:iltiŕśar:"", ""ḿinḿbailtiŕkin"", ""túŕśiltíŕ""]",authentic
AUD.05.36a,"[""alaśbuŕ:śal"", ""kíteiké:ḿiŕeśtí"", ""niŕ:śalkíteitá"", ""basiŕiuta:loŕs"", ""ar:túŕśiltiŕ:le"", ""káŕké:lekáŕśoŕ"", ""iebase:ḿuŕeś"", ""uniŕ:ban----"", ""siŕiu:-----"", ""loŕsar:ba---"", ""ke:kúleśir:bal"", ""n:kul"", ""tíke"", ""is:lei"", ""vacat"", ""------------------"", ""ś"", ""ilti"", ""------------------"", ""kuaŕ"", ""ir:abater"", ""------------------"", ""kuni"", ""ensiŕ""]",authentic
AUD.05.37,"[""iltiŕatinir---as:śani"", ""śtunel---s:‡skú-atínelś"", ""skeŕ---einerbakú---atintáś:"", ""aŕse---aŕetá:kúleśtíkeŕ:iltiŕ"", ""aretáneśimbe---abaŕtíkeŕ:abarskútár:akítíke:n"", ""istílakéta:‡--- teskánelba:ml--- m:aŕba""]",authentic
AUD.05.38b,"["""", ""neŕiku"", ""ta -- i --ar"", ""kuntos"", ""kuta"", ""kebabe"", ""tebati"", ""ko"", ""biŕ"", ""ataki-keŕa"", """"]",authentic
AUD.05.36b,"[""n:tuŕśebanalaśbu"", ""ŕḿŕeśuniŕ:baitese"", ""ŕtínke:kúleśir:balaka"", ""n:bilosbinbaśbiniltiŕś"", ""ar:ibeisur:atinbin:bilos"", ""-n:śoilo:tíkirsbinabaŕś"", ""neu:iatí"", ""śkáti:bitókaurtí"", ""kiŕśiltiŕ"", ""eu:śanibar:lo"", ""-:baśbaneke:atin"", ""ikeká"", ""aśiké""]",authentic
AUD.05.39,"[""ati"", """"]",authentic
AUD.05.40,"[""kal""]",authentic
AUD.05.41,"[""u"", ""+++++""]",authentic
AUD.05.42,"[""IIIIII"", ""ta""]",authentic
AUD.05.43,"[""ḿ ḿ ḿ I I I I ḿ""]",authentic
AUD.05.44,"[""li""]",authentic
AUD.05.45,"[""ba""]",authentic
AUD.05.46,"[""ka"", ""I I""]",authentic
AUD.05.47,"[""ki""]",authentic
AUD.05.48,"[""i""]",authentic
AUD.05.49,"[""i""]",authentic
AUD.05.50,"[""i""]",authentic
AUD.05.51,"[""tá""]",authentic
PYO.01.01,"[""--- be++-śaŕen"", ""e táe ----"", ""-------------------"", ""---táŕ""]",authentic
PYO.01.02,"[""kítá+"", ""baśons"", ""ikasors"", ""++""]",authentic
PYO.01.03,"[""bitatól"", ""tá""]",authentic
PYO.01.04,"[""tóa+""]",authentic
PYO.01.06,"[""belś"", ""atáten""]",authentic
PYO.01.07,"[""sitá""]",authentic
PYO.01.08,"[""abatáito""]",authentic
PYO.01.11,"[""iunstia+""]",authentic
PYO.01.12,"[""túŕtis:en""]",authentic
PYO.01.13,"[""atáio"", ""ta""]",authentic
PYO.01.14,"[""luta""]",authentic
PYO.01.15,"[""bite"", """"]",authentic
PYO.01.16,"[""śakí+""]",authentic
PYO.01.17,"[""kábeś""]",authentic
PYO.01.18,"[""alauke""]",authentic
PYO.01.19,"[""tikeba"", ""kaso"", ""ŕ+""]",authentic
PYO.01.20,"[""ŕukábetitákiar""]",authentic
PYO.02.01,"[""eleŕbaś""]",authentic
PYO.02.02,"[""táśkéne""]",authentic
PYO.02.03,"[""kosbal""]",authentic
PYO.02.04,"[""ibeŕ+""]",authentic
PYO.02.05,"[""+uetiŕi""]",authentic
PYO.02.06,"[""biuŕ"", ""ḿ""]",authentic
PYO.02.07,"[""tinś""]",authentic
PYO.02.08,"[""on""]",authentic
PYO.02.09,"[""ḿi""]",authentic
PYO.02.10,"[""tau""]",authentic
PYO.02.12,"[""or""]",authentic
PYO.02.14,"[""teke""]",authentic
PYO.02.15,"[""toke""]",authentic
PYO.02.16,"[""toba""]",authentic
PYO.02.17,"[""túiti""]",authentic
PYO.02.18,"[""bekoriśa+""]",authentic
PYO.02.19,"[""+++++""]",authentic
PYO.02.20,"[""ośkautato""]",authentic
PYO.02.21,"[""lko""]",authentic
PYO.02.22,"[""ta""]",authentic
PYO.02.23,"[""tá""]",authentic
PYO.02.24,"[""ti""]",authentic
PYO.02.25,"[""u""]",authentic
PYO.02.26,"[""+ḿi""]",authentic
PYO.02.27,"[""bal""]",authentic
PYO.02.28,"[""ŕi""]",authentic
PYO.02.29,"[""III bi""]",authentic
PYO.02.30,"[""u""]",authentic
PYO.02.31,"[""a""]",authentic
PYO.02.32,"[""i""]",authentic
PYO.02.33,"[""n""]",authentic
PYO.05.01,"["""", ""kebelkuŕe:eŕkunbase"", ""śaúśir"", ""neotin+"", ""kebe""]",authentic
PYO.05.02,"[""baŕkarbaŕkaike IIIIII"", """"]",authentic
PYO.05.04,"[""tiukas""]",authentic
PYO.05.03,"[""tiukasurbir""]",authentic
PYO.07.01,"[""etakartalbeteśu:bekeberekílikéletaké+i:bekeberekílieśu""]",authentic
PYO.07.02,"[""ekibal"", """"]",authentic
PYO.07.04,"[""oŕabebetíkíbelsir"", """"]",authentic
PYO.07.13,"[""ekeŕśore"", ""ekeŕśore"", ""ekeŕśore"", """"]",authentic
PYO.07.14,"[""artiunaner"", ""tanito"", ""arirkatiliŕtalaŕi"", ""atilarlikuŕtalaŕi"", """"]",authentic
PYO.07.15,"[""l++ikiŕkibena"", ""atani tibaibaś+n"", ""unibase IIII""]",authentic
PYO.07.16,"[""ostánoskíkíŕi"", ""títíḿḿ śo +śkú tu+tikabetétúaita"", ""atákerstítíḿḿtína o++tíŕi"", ""+atintábeś:oskíkíŕi""]",authentic
PYO.07.17,"[""tíkánbiuŕ:n:śaitálekite ebiutábi"", """"]",authentic
PYO.07.18,"[""aśkéltioŕbatisitiai""]",authentic
PYO.07.19,"[""lei""]",authentic
PYO.07.20,"[""okale : baḿiban : nelai""]",authentic
PYO.07.21,"[""artiunaner"", ""tanito:artirkatiliŕtalaŕi"", ""atilar:likuŕtalaŕi""]",authentic
PYO.07.03,"[""oŕtinkáli:+sukásir:belenkú:itaŕer:oŕtinkáliI:eśambe:tártiar"", ""anbeIsibemms:kútún:tíkirsatinI""]",authentic
PYO.07.05,"[""atáŕ"", """"]",authentic
PYO.07.06,"[""lauś""]",authentic
PYO.07.07,"[""tártábieki"", """"]",authentic
PYO.07.10,"[""beŕtibeŕiśorḿikenia"", ""uskaurekéntínkálti"", """"]",authentic
PYO.07.11,"[""tákeŕ"", """"]",authentic
PYO.07.12,"[""baŕtite++i+++iai""]",authentic
PYO.07.08,"[""bakaŕtóś"", """"]",authentic
PYO.07.09,"[""elḿḿ titíae"", """"]",authentic
PYO.06.01,"[""ḿno""]",authentic
PYO.03.01,"[""terike+korekerbelea""]",authentic
GI.02.01,"[""ban+butiŕban""]",authentic
GI.02.02,"[""suisebeleśanaieinekabin""]",authentic
GI.02.03,"[""iŕ"", ""baŕebilosḿi"", ""autiŕtátakáŕbi""]",authentic
GI.03.03,"[""naikus---""]",authentic
GI.03.01a,"[""aŕamtaŕśu""]",authentic
L.04.01,"[""ske"", ""bo""]",authentic
HGA.01.01,"[""ka ko sss ti IIII""]",authentic
HGA.01.02,"[""ko sss ti II""]",authentic
HGA.01.03,"[""ti II""]",authentic
HGA.01.04,"[""Πśu+""]",authentic
HGA.01.05,"[""lu""]",authentic
HGA.01.06,"[""nuΠJ""]",authentic
HGA.01.07,"[""akabitiO+""]",authentic
HGA.01.08,"[""kaeśn+--ss ka---tiO""]",authentic
HGA.01.09,"[""ΠΠΙ""]",authentic
HGA.01.10,"[""ŕ--lko---ti IIII""]",authentic
HGA.01.11,"[""ti IIII""]",authentic
HGA.01.12,"[""ka ko sss ti IIII""]",authentic
HGA.01.13,"[""ka ko ss----""]",authentic
HGA.01.14,"[""ŕuba:ko L II ti ΠI"", ""sakaŕ""]",authentic
HGA.01.15,"[""ŕuba:ko L II ti ΠΙ"", ""sakaŕ""]",authentic
HGA.01.16,"[""ŕuba:ko L II ti ΠI"", ""sakaŕ""]",authentic
HGA.01.17,"[""ŕuba:ko L II ti ΠI"", ""sakaŕ""]",authentic
HGA.01.18,"[""śeśte ko s I ti IIII""]",authentic
HGA.01.19,"[""kurti ko s ΠIII"", ""ti Π"", """"]",authentic
HGA.01.20,"[""binuki ko s L"", ""ti ΠΙ"", """"]",authentic
HGA.01.21,"[""binuki ko s L"", ""ti ΠΙ"", """"]",authentic
HGA.01.22,"[""Q : OFELI : ko s"", ""ti""]",authentic
HGA.01.23,"[""iu:ko sss L Π ti IIII"", """"]",authentic
HGA.01.24,"[""babiŕki ko s ΠIIII"", """"]",authentic
HGA.01.25,"[""oka ko ssss L ti IIII"", """"]",authentic
HGA.01.26,"[""usi ko s L ΠIIII"", ""ti ΠΙΙΙ"", """"]",authentic
HGA.01.27,"[""kaŕbi:ko s ΠIII ti IIII""]",authentic
HGA.01.28,"[""ns ti ti III""]",authentic
HGA.01.29,"[""ka ko ss III ti IIII""]",authentic
HGA.01.30,"[""ka ko ss III ti IIII""]",authentic
HGA.01.31,"[""anbi ko ssss L III ti III""]",authentic
HGA.01.32,"[""anbi ko ssss L III ti III""]",authentic
HGA.01.33,"[""anbi:ko ssss L III ti III""]",authentic
HGA.01.34,"[""---sss L III ti III""]",authentic
HGA.01.35,"[""iu:ko sss L Π ti IIII""]",authentic
LAN.01.02,"[""kutite ekiar""]",authentic
PYO.03.02,"[""ballkabaŕoŕbaḿ"", ""ḿka+n++toobaḿotie"", ""eḿ""]",authentic
L.01.03,"["""", ""+ŕsu+:sakáŕbaś:lauŕu+---"", ""ábaŕ:+++iaika:+istesetuŕeŕu:+++"", ""------"", ""------+"", ""abaŕar:uśékiré:astebai:bine:banaibeki:bitéukin"", ""baśbaneŕai iunstirubeski"", ""śaniai o""]",authentic
PYO.07.22,"[""téleuśkatéleuś""]",authentic
PYO.07.26,"[""artiunaner""]",authentic
PYO.07.27,"[""tikir--+""]",authentic
PYO.05.05,"[""skón"", ""belśtáŕtólokó"", ""belśkó""]",authentic
A.08.20,"[""kiti+-steeiar""]",authentic
AUD.04.02,"["""", ""eŕeti--areritaŕatis---ne-"", ""ŕer:bekinetaneŕs+ebiŕskaś--ar"", ""bekinetaneŕs:ḿ seikeḿikeriti"", ""kok?ḿ iakila:tiŕabakeśtaiŕtiśan"", ""irlaurtisa:eśkubaŕs:eleŕ:kais"", ""bora:bitekian:keitiŕeie--eŕ--"", ""kutuŕaŕ--e""]",authentic
HU.03.01,"[""---śamibi:tiabeke"", ""---aŕ𐘃:ḿlbeikibanki:ḿbaŕ---"", ""---iki:tiabe---""]",authentic
GI.08.01,"[""---i:iltiŕ+---"", ""---+biḿ:atá+---"", """"]",authentic
T.13.01,"["""", ""---+ska---"", ""---++ta+koiltun---"", ""---+++-+++-ḿba+---"", ""---raka"", ""akoboailtun"", ""++a-rtinaba---""]",authentic
B.11.01,"["""", ""barete:iŕe:oskaistire:tikotinte"", ""iekate:eŕokate:ekiarḿi: banḿi:iekate--------nite:banikate:luśiunbaker"", ""eŕokarḿi:banitekitane:niteketane:+----kaliḿsetane:banitekitane"", ""eŕate:eŕokar:ḿie:oŕosubeta"", ""te:eŕokaḿi:baḿiŕer:sanḿi"", ""-----bitebaŕḿi:akari:betainei"", ""---------kaśiŕte:binḿi"", ""----+r+-----i:toŕbos:bankite"", ""---nḿi:bar-----ḿi:śeneuŕebas"", ""----te:ile+-----binḿi :nie"", ""banekie:seaŕḿebetane:-aŕbaḿebetane"", ""anḿkitare:nitebetane:ineŕtoo"", ""teikiŕ:iustir:basetiŕ--suekate"", ""lakukuse:eŕate:suŕ-te:bankite"", ""kaśtiŕ:sikeikanśar:kereiskar:+++--"", ""kaśtiŕte:alikikila:oŕosubeta----"", ""karasatiti:bitirikate:akari:ka----""]",authentic
PYO.01.21,"[""+bantiŕatan---ri++"", ""ŕoketan-tinekaŕtona"", ""baŕete:iunstiŕ-nba"", ""+bakaiakilu:aŕikebaanaŕuki"", ""+s:beŕkas:n---ḿtibian"", ""+neroŕte:lekaŕakakéutite"", ""l:túskiteababakitakan+"", ""tiŕata++:banbanai+"", ""v iniltiŕe:"", ""+iaban:uŕe+"", ""kakiŕabaŕkien"", ""lteis:u"", ""++te"", """"]",authentic
PYO.01.22,"[""iunśtir---ś---te biuŕaŕkiŕ:iunska+ŕ:baśtibaśbe+"", ""beukins---ŕs-tinbirtíeŕ:kuŕs:iltiŕailtune++"", ""kaisi+---betarbebatetans:banauŕbesbe:śalir+"", ""bananebe---baŕstinte:eŕatilkanebe:untaŕakaer:+"", ""kai-e---ebeiŕ:te:n+bereti:lete:nauki+"", ""i---uśekisn-bertaski+oki--nasa:uŕkéa+"", ""+bananebe---+te+"", """"]",authentic
HER.02.374,"[""ilunaté -"", ""neitíniunstír:kúle -"", ""śare:aḿkíteibase""]",authentic
L.01.04,"[""---anbeŕe---""]",authentic
L.01.01,"[""---n:iskutur:iteŕokeḿ+---"", ""---tanere:ine:+++n:la---"", ""---+kane""]",authentic
L.01.02,"["""", ""---eike:uiŕe:ka+---"", ""---:aiteŕu:teŕ----"", ""---beite:nikin---"", ""---nikan:bosku+---"", ""--- iltiŕtikaŕ:i+---"", ""---+:naltun---"", ""---be:e:batir---"", ""---+n+otu---"", ""-----ś+kin:uŕ+---"", ""----ko:+tunki:ne---"", ""----kisekus:isai---"", ""----ku+stu:nite:e---"", ""---kanbeike:ente---""]",authentic
T.03.02,"[""nio---""]",authentic
LAN.01.01,"[""binbaikaŕ""]",authentic
Z.09.06,"[""sesinen ḿi""]",authentic
Z.09.07,"[""bilonike""]",authentic
Z.09.12,"[""ḿi""]",authentic
TE.17.02,"[""ataleukebate"", ""++kosḿbake"", ""++++""]",authentic
TE.04.03,"[""likinete:ekiar:usekeŕteku""]",authentic
TE.04.04,"[""bilakeaiunatin"", ""en:abiner""]",authentic
Z.11.05,"[""alo""]",authentic
SP.02.37,"[""turatin""]",suspecta
LO.04.02,"[""lueikar""]",authentic
GI.01.01a,"[""biŕlbaŕteokiḿe"", ""ta+ta+ta"", ""balu""]",authentic
GI.01.02,"[""karteIII""]",authentic
GI.01.01b,"[""ullnti++urba""]",authentic
PYO.05.06,"[""amban""]",authentic
PYO.04.01,"[""eluŕaite : bas : uḿmiser""]",authentic
PYO.07.23,"["""", ""e"", ""ere""]",authentic
PYO.07.28,"[""banbaibarbanibikan""]",authentic
PYO.07.30,"[""ilekutur""]",authentic
HER.03.01,"[""baitato""]",authentic
AUD.06.01,"[""u talbabea""]",authentic
AUD.07.01,"[""ΚΑΝΙΚΩΝΕ""]",authentic
T.12.02,"[""akirukéŕté:iustír baśbeŕ"", ""akiroŕtin"", ""ultilatie""]",authentic
T.12.01,"[""ata""]",authentic
T.08.01,"[""or"", ""baś""]",authentic
T.08.03,"[""lake""]",authentic
T.08.02,"[""ikoŕ""]",authentic
T.11.12,"[""abeli---""]",authentic
T.01.01,"[""il""]",authentic
T.06.02,"[""ibe""]",authentic
T.06.01,"[""er""]",authentic
T.06.10,"[""iskelaker""]",authentic
T.06.07,"[""taŕ""]",authentic
T.06.05,"[""oŕ""]",authentic
T.07.03,"[""uśtalar:ortinbeŕeteŕeikiaŕ"", ""śalaiaŕkisteŕokan:śalir o III:"", ""neitiniunstir:aiunikuŕskate :""]",authentic
SP.01.01,"[""s---ŕ : baiteski : bilosebam : boioi: balesaika :"", ""bebatiŕ : itiŕokanker---++++++"", ""m : baika:bilosebam : boioi :baite+""]",authentic
SP.01.02,"[""---aiuki : setibios : baiteski : sal---tiŕe : te"", ""--- il---e+"", "":baŕkabiosbaite---ilorse"", ""---teibalesaika : uŕtieiuŕ"", ""uŕ +i+""]",authentic
GI.17.03,"[""taŕtibeleś""]",authentic
GI.12.01,"[""kato""]",authentic
GI.09.01,"[""il"", ""SAR+---""]",authentic
GI.13.03,"[""---kíbetí""]",authentic
GI.13.05,"[""bai""]",authentic
GI.13.06,"[""tusu""]",authentic
GI.13.02,"[""am""]",authentic
GI.13.07,"[""káśtáumbanḿi:oŕoikáoir""]",authentic
GI.10.02,"[""biuŕti""]",authentic
GI.15.03,"[""---suibiu"", ""---ŕkere---"", ""---kaltu---""]",authentic
L.18.13,"[""bastinta""]",authentic
L.18.05,"[""kai""]",authentic
L.18.06,"[""kai""]",authentic
L.18.04,"[""oŕti---""]",authentic
L.18.09,"[""sube""]",authentic
L.18.14,"[""śube---""]",authentic
L.18.03,"[""titiś"", ""totoś""]",authentic
L.18.10,"[""titu""]",authentic
L.18.11,"[""ton""]",authentic
L.18.12,"[""tua""]",authentic
L.18.,"[""i""]",authentic
T.11.49,"[""kaśkoku""]",falsa
L.18.02,"[""lal""]",authentic
L.15.02,"[""--- selkibeŕśar:u+---""]",authentic
L.15.03,"[""---kata"", ""---tuŕŕoata""]",authentic
L.14.03,"[""oŕ---""]",authentic
L.14.02,"[""taŕti---""]",authentic
B.41.02,"[""ḿlbebiu"", ""ŕar:ḿi""]",authentic
B.41.03,"[""bantuin"", ""ḿi:ḿl"", ""bebiuŕe"", ""banen""]",authentic
B.41.05,"[""aiuniltun"", ""aiuniltun""]",authentic
B.40.01,"[""------+"", ""--- śalir:e:IIIIII"", ""---+i+"", ""------+""]",authentic
B.40.03,"[""iskébeŕir""]",authentic
B.40.02,"[""iar""]",authentic
B.20.06,"[""---er:tákiar:iasbi---""]",authentic
B.20.13,"[""---se""]",authentic
B.20.09,"[""---+re---""]",authentic
B.20.07,"[""---+n""]",authentic
B.20.10,"[""ba+---"", ""+""]",authentic
B.20.11,"[""bel""]",authentic
B.20.08,"[""---+obi---""]",authentic
B.20.05,"[""śo+---""]",authentic
B.20.15,"[""---taba---""]",authentic
B.20.12,"[""taś""]",authentic
B.20.02,"[""iltiŕtáneś""]",authentic
B.32.02,"[""---taŕaltu---"", ""---+eka""]",authentic
B.32.01,"[""---ebartin:alo"", ""---botoleis""]",authentic
B.19.04,"[""teśailauŕ"", ""beŕśir++n"", ""bitán"", ""astébeibaseban""]",authentic
B.44.03,"[""bilake""]",authentic
B.09.01,"[""śaleitaŕtin""]",authentic
B.09.02,"[""śaleitaŕtin""]",authentic
B.09.03,"[""śaleitaŕtin""]",authentic
B.09.04,"[""śaleitaŕtin""]",authentic
B.09.05,"[""śaleitaŕtin""]",authentic
B.09.06,"[""śuiltiŕ"", ""ko""]",authentic
GI.18.01,"[""-akutáneś"", ""-laśtékeŕar++""]",authentic
GI.13.01,"[""baikárekérar""]",authentic
B.25.06,"[""ḿltunśor""]",authentic
B.25.02,"[""ḿltunśor""]",authentic
B.25.03,"[""ḿltunśor""]",authentic
B.25.05,"[""ḿltunśor""]",authentic
A.14.01,"[""akaŕ""]",authentic
B.25.04,"[""ḿltunśor""]",authentic
B.25.08,"[""oe""]",authentic
B.16.03,"[""talskubilos""]",authentic
B.25.09,"[""oe""]",authentic
B.25.10,"[""oe"", ""i""]",authentic
B.44.39,"[""kutukiŕbitatikoukeboseko?ḿ"", ""kutakituŕsborbiokou""]",authentic
B.44.37,"[""tite""]",authentic
B.44.30,"[""balke""]",authentic
B.44.18,"[""baŕ---""]",authentic
B.44.19,"[""---ḿi""]",authentic
B.44.31,"[""kai""]",authentic
B.44.26,"[""sa""]",authentic
B.32.03,"[""---+ato---""]",authentic
AUD.05.38a,"["""", ""biteŕto"", ""loŕkas:beiku"", ""śiśalirbitíŕokánkube"", ""r:taŕokekubeŕ---ntobo"", ""ke:aŕ*kueibos teŕati"", ""neŕśar:karistiaku"", ""tiŕantan:naŕtokui-te-ko"", ""itiatu:ban:kutur:biteŕokan"", ""leisirenḿi"", """"]",authentic
AUD.07.02,"[""ΚΑΝΙΚΩΝΕ""]",authentic
Z.08.03,"[""ś"", ""bur""]",authentic
PYO.01.23,"[""okei""]",authentic
PYO.01.33,"[""luta""]",authentic
GI.01.01c,"[""kúkutútutítibabitátatétekókotóto+leś-skáka++a+mnirŕbekíkiu?ḿ+""]",authentic
GI.01.03,"[""neitin:basetiŕa:iuns"", ""tir:baŕbinkiteuskeikite"", ""śauś"", ""karteIII"", ""karteIII"", ""karteIII"", """"]",authentic
GI.03.01b,"[""kúkubabitátakókotéte-tútuŕutítitóto+---""]",authentic
GI.03.02,"[""kutubitatikoaŕkiuŕ""]",authentic
HER.02.352B,"[""aś""]",authentic
PYO.07.32,"["""", ""ḿ++"", ""ḿ++tá+""]",authentic
PYO.07.33,"[""śbata mu lnelneśuḿ"", ""ba++ oba babalŕela+teeebatinea""]",authentic
PYO.07.34,"[""batállelbi"", ""oo++l""]",authentic
PYO.03.03,"[""ao"", ""ba+ibaa+ na"", ""tikabaoliŕoti+"", ""tikabanba+ba""]",authentic
PYO.03.04,"[""ti"", ""tiuka""]",authentic
PYO.03.05,"[""baor+si"", ""kaael+nieiei"", ""eŕḿ""]",authentic
PYO.03.06,"[""abata+"", ""okaon""]",authentic
PYO.03.07,"[""o+alo++++ka""]",authentic
PYO.03.08,"[""iletikatarto+""]",authentic
PYO.03.09,"[""kugutudutidibabitada++kogo-------lbubeo++ŕkigitodo++mnḿIu""]",authentic
PYO.03.10,"[""batubiŕa taka""]",authentic
PYO.03.11,"[""kutukiŕbitatiko""]",authentic
L.13.01,"[""---kon""]",authentic
A.02.03,"[""bele""]",authentic
GI.16.01,"[""ilturtiki""]",authentic
GI.16.02,"[""kai""]",authentic
TE.13.01,"[""ben""]",authentic
TE.13.02,"[""e"", """"]",authentic
TE.13.03,"[""bas""]",authentic
L.18.08,"[""okaia"", ""ś""]",authentic
L.03.07,"[""sbaśa""]",authentic
L.03.05,"[""ḿi""]",authentic
L.03.09,"[""ute"", ""o""]",authentic
T.15.01,"[""---+bitiukin:beta++---""]",authentic
L.08.03,"[""---tasa+---""]",authentic
L.05.01,"[""banbaibar""]",authentic
GI.10.09,"[""---al---"", ""---+---""]",authentic
GI.10.01,"[""---+e"", ""---+tin"", ""---tili""]",authentic
B.08.01,"[""kutukiŕbitatikokabastokeaubooel?nḿite"", ""śrbe""]",authentic
B.25.07,"[""bal""]",authentic
B.20.01,"[""---+la---""]",authentic
B.47.10,"[""bal""]",authentic
B.44.04,"[""---bil""]",authentic
B.41.09,"[""boba""]",authentic
B.41.18,"[""---+ui---""]",authentic
B.41.19,"[""luni""]",authentic
V.06.082,"[""eŕiarban:selkeśaler:teekiar:tárdeḿbaŕ:"", ""aten:niśunin:bekóŕban:oŕer:ukeŕteiser:""]",authentic
V.06.083,"[""eŕi---ikamteiunsr:""]",authentic
V.06.084,"[""aitube""]",authentic
V.06.085,"[""eŕiar:ban+""]",authentic
CS.02.01,"[""o""]",authentic
Z.11.06,"[""be+---""]",authentic
Z.11.08,"[""sŕ""]",authentic
Z.11.11,"[""teitataŕeseŕaśoankeibonatintaneśte""]",authentic
Z.11.12,"[""---+narḿi""]",authentic
Z.11.13,"[""---u:a---""]",authentic
Z.11.14,"[""ti""]",authentic
TE.11.04,"[""aiunin""]",authentic
Z.13.01,"[""tike""]",authentic
Z.13.02,"[""tai---""]",authentic
TE.02.352,"[""aba""]",authentic
TE.02.353,"[""abo""]",authentic
TE.02.355,"[""akoes""]",authentic
TE.02.356,"[""al""]",authentic
TE.02.357,"[""an""]",authentic
TE.02.358,"[""as""]",authentic
TE.02.359,"[""ati""]",authentic
TE.02.360,"[""ati""]",authentic
TE.02.361,"[""babe""]",authentic
TE.02.362,"[""baiti""]",authentic
TE.02.363,"[""baka""]",authentic
TE.02.364,"[""bako""]",authentic
TE.02.365,"[""ban""]",authentic
TE.02.366,"[""baŕboŕba""]",authentic
TE.02.367,"[""baś""]",authentic
TE.02.368,"[""baś""]",authentic
TE.02.370,"[""beŕ ó beku""]",authentic
TE.02.371,"[""beŕ""]",authentic
TE.02.372b,"[""uti""]",authentic
TE.02.373,"[""bil""]",authentic
TE.02.374,"[""bis""]",authentic
TE.02.375a,"[""biuŕtetel""]",authentic
TE.02.375b,"[""biuŕ""]",authentic
TE.02.376a,"[""biuŕtetel""]",authentic
TE.02.376b,"[""bi""]",authentic
TE.02.377,"[""biuŕ""]",authentic
TE.02.378a,"[""biuŕ""]",authentic
TE.02.378b,"[""ḿ""]",authentic
TE.02.380,"[""eba""]",authentic
TE.02.381,"[""ebo""]",authentic
TE.02.382,"[""ekia""]",authentic
TE.02.383,"[""ir""]",authentic
TE.02.384,"[""kal""]",authentic
TE.02.385a,"[""ka""]",authentic
TE.02.385b,"[""a""]",authentic
TE.02.385c,"[""kan""]",authentic
TE.02.386,"[""kar""]",authentic
TE.02.387,"[""kato""]",authentic
TE.02.388,"[""kato""]",authentic
TE.02.389,"[""koba ó bako""]",authentic
TE.02.391,"[""keŕ""]",authentic
TE.02.392,"[""keŕ""]",authentic
TE.02.393,"[""lba""]",authentic
TE.02.394,"[""la""]",authentic
TE.02.395,"[""la""]",authentic
TE.02.396,"[""likor""]",authentic
TE.02.397,"[""lu""]",authentic
TE.02.398,"[""oba""]",authentic
TE.02.399,"[""oi""]",authentic
TE.02.400a,"[""on""]",authentic
TE.02.400b,"[""ba ó ba""]",authentic
TE.02.401,"[""ska""]",authentic
TE.02.402,"[""śa""]",authentic
TE.02.403,"[""taka""]",authentic
TE.02.404,"[""tir""]",authentic
TE.02.405,"[""tiu""]",authentic
TE.02.406a,"[""tike""]",authentic
TE.02.406b,"[""aḿe""]",authentic
TE.02.407,"[""tol""]",authentic
TE.02.408,"[""tuti""]",authentic
TE.02.409,"[""ubao""]",authentic
TE.02.411,"[""ue""]",authentic
TE.02.412a,"[""l""]",authentic
TE.02.412b,"[""un""]",authentic
TE.02.413,"[""un""]",authentic
TE.02.414,"[""ur""]",authentic
TE.02.415,"[""us""]",authentic
TE.02.418,"[""aa""]",authentic
TE.02.419,"[""lŕ ó lku""]",authentic
TE.02.421,"[""ḿl""]",authentic
TE.02.422,"[""ŕŕ""]",authentic
TE.02.424,"[""sss""]",authentic
TE.02.427,"[""? ba""]",authentic
TE.02.428,"[""ba ?""]",authentic
TE.02.429a,"[""e""]",authentic
TE.02.429b,"[""l ba ?+""]",authentic
TE.02.430,"[""l"", ""e"", ""ba"", ""?""]",authentic
TE.02.431,"[""ta ? ó l ?""]",authentic
TE.02.432a,"[""e""]",authentic
TE.02.432b,"[""ba""]",authentic
TE.02.433a,"[""?""]",authentic
TE.02.433b,"[""ko""]",authentic
TE.02.434a,"[""ko""]",authentic
TE.02.434b,"[""?""]",authentic
TE.02.435a,"[""bi""]",authentic
TE.02.435b,"[""r ó a ó tu""]",authentic
TE.02.436a,"[""ko""]",authentic
TE.02.436b,"[""ta""]",authentic
TE.02.437a,"[""l""]",authentic
TE.02.437b,"[""n""]",authentic
TE.09.04,"[""balkei""]",authentic
TE.09.05,"[""balkei""]",authentic
TE.09.06,"[""turatin""]",authentic
TE.09.07,"[""rati""]",authentic
TE.09.10,"[""unin""]",authentic
TE.09.11,"[""kaku""]",authentic
TE.09.02,"[""balke""]",authentic
TE.09.03,"[""balkei""]",authentic
TE.09.08,"[""tin""]",authentic
HER.02.359B,"[""tátu""]",authentic
HER.02.359C,"[""tátuŕ""]",authentic
HER.02.360B,"[""a ti n ko""]",authentic
TE.02.467,"[""baś""]",authentic
TE.02.468,"[""so""]",authentic
GI.10.11,"[""tin:iunstír:tau+koteká"", ""tieśnitíŕatan:biuŕtikise:"", ""beŕisetítiatoká:nikokátoar-bai:"", ""túŕkosbebon:uskáŕe:tieká ultítikán:"", ""eŕtebaśká:bintuŕkeská : abatutíkerká:uke"", ""++bo:tíŕatisukil:itíkotesun kortínte:"", ""tíekáa:sitíŕakáŕka+:nikokaiatai"", ""is:beŕteike:ituŕutan:lebósba-ibon"", ""batíŕe+káŕ-iteŕibon"", ""tu"", ""śalir:i-ba---:banteŕba"", ""n:tínebeta"", ""n:itíte++ta"", ""salaker:itiŕoketebon : iŕ+"", ""ká:iunstíriká:sikite:basir"", ""kátúlatíen"", """"]",authentic
V.14.02,"["""", ""---u---i---"", ""---++---tilso+++śatiŕa"", ""---o---siltiko+l+goloŕta ---"", ""---ti:ikoŕiskeŕ:ko---"", ""balkeśiŕa"", ""balkeśiŕe:anabedi:iuśtir:beles:gebelesekesai:aśkeŕeŕdir:-ŕeka:"", ""gotuadeŕokegon"", ""ikoŕbaś:al+ŕei:oŕdi+ŕa+"", ""kalaneia:asugin""]",authentic
GI.08.08,"[""---eŕkuto""]",authentic
GI.08.03,"[""bikiśar"", ""n""]",authentic
GI.08.10,"[""---+r""]",authentic
GI.08.06,"[""táŕśa---""]",authentic
B.48.01,"[""---kubal+---""]",authentic
T.05.01,"[""ete""]",authentic
L.02.01,"[""---+naś""]",authentic
B.26.01,"[""tikirsai""]",authentic
B.09.07,"[""‐‐‐ŕ ∙ eki‐‐‐"", ""‐‐‐iŕa‐‐‐""]",authentic
T.02.01,"[""------"", ""---in"", ""---eŕa"", ""---+n"", ""------""]",authentic
GI.04.01,"[""nei---+śba""]",authentic
T.13.02,"[""bal""]",authentic
T.14.01,"[""kul---""]",authentic
T.05.02,"[""---+is---""]",authentic
T.03.03,"[""kaŕaniśaŕen""]",authentic
T.11.14,"[""oŕti""]",authentic
T.11.10,"[""--- aŕe---""]",authentic
T.11.13,"[""bai---""]",authentic
T.11.11,"[""aba---""]",authentic
B.44.08,"[""kai"", ""++""]",authentic
B.44.20,"[""---+ka""]",authentic
B.44.27,"[""al"", ""l""]",authentic
B.44.36,"[""tako""]",authentic
B.44.35,"[""śalai""]",authentic
B.44.33,"[""la""]",authentic
B.44.32,"[""ker""]",authentic
B.44.40,"[""---eśa+---""]",authentic
B.44.38,"[""---+baŕ+---""]",authentic
B.44.29,"[""bal""]",authentic
B.44.34,"[""oba""]",authentic
B.44.23,"[""biu""]",authentic
V.15.02,"[""bekon""]",authentic
AB.03.01,"[""ulboate:l""]",authentic
V.06.100,"[""baoiŕa"", ""baŕi""]",authentic
AB.03.02,"[""ulboate:l""]",authentic
V.12.10,"[""ka"", ""kos""]",authentic
GI.07.01,"[""-+tíbaikárḿi""]",authentic
GI.07.02,"[""biuŕtékeŕtíkiar"", ""káśtáu---:a---+ekiar""]",authentic
B.37.01,"[""baśtan""]",authentic
B.12.04,"[""taba""]",authentic
AB.03.03,"[""silkabontii""]",authentic
GI.08.09,"[""---ŕ""]",authentic
V.24.01,"["""", ""urtal"", ""urtal"", ""urtal"", ""urtal"", ""urtal"", ""ual"", ""eura-ki---ban"", ""urtal"", ""urtal"", ""kaetite"", ""urtal"", ""kauŕgobeŕole"", ""kaugobeŕole"", ""utal"", ""urtal"", ""baneŕbai"", ""euraneakurbi"", ""kunta""]",authentic
L.08.12,"[""---+ŕs""]",authentic
L.08.10,"[""---+kue""]",authentic
L.08.07,"[""bie""]",authentic
L.08.05,"[""eku"", ""baŕ""]",authentic
L.08.06,"[""bas""]",authentic
L.08.08,"[""kul""]",authentic
L.08.09,"[""---sbasto---""]",authentic
L.08.11,"[""---+ou""]",authentic
L.08.04,"[""titiboŕ:+---""]",authentic
L.21.01,"[""eku""]",authentic
V.14.03,"[""---"", ""---iŕ:a IIIIIIIII---"", ""---takebe:kan---"", ""---alir:ikaku---"", ""---bankotur:++---"", ""---""]",authentic
V.14.04,"[""---"", ""---+leuŕate---iŕe---+i--i---"", ""---+:tieibiŕ:kibatasan---oŕtinbeŕi---"", ""---tisbasiŕaŕebe:tieibiŕ:śalir:s---"", ""---sa:tilauti-e:ḿke---anbe-+--n---"", ""---""]",authentic
V.04.61,"[""iunti"", ""koke :kutuŕ"", ""siku+ike"", ""kan+ti+:"", ""-uni-"", ""untikote"", ""+kolki+"", ""ténun+""]",authentic
PYO.07.46,"[""okaleIII""]",authentic
B.44.41,"[""ta-u""]",authentic
B.44.42,"[""bal""]",authentic
B.44.43,"[""aŕ""]",authentic
B.44.44,"[""-ko""]",authentic
L.15.04,"[""---śbaokil""]",authentic
PYO.07.37,"[""akietaukemtaŕkate""]",authentic
PYO.07.40,"[""ekoŕ""]",authentic
B.20.16,"[""atintáŕekíaḿi""]",authentic
PYO.07.41,"["""", ""onoisakebatiubiku"", ""++++kutun""]",authentic
PYO.07.42,"[""nkiuŕ""]",authentic
PYO.07.43,"[""san""]",authentic
PYO.07.44,"[""kutur""]",authentic
PYO.07.45,"[""okaler"", ""baninibaŕ"", ""-tinbastaneśe"", ""--++++tuka+++sar""]",authentic
GI.15.66,"[""babar:kikibi:isar"", ""titibiaŕbibi""]",authentic
V.06.102,"[""++ o o o n"", ""+ḿ o +""]",authentic
V.06.103,"[""ka o ka""]",authentic
V.06.104,"[""ku o ku""]",authentic
V.06.105,"[""te o te""]",authentic
V.06.106,"[""a"", "":"", ""ku"", ""a"", "":"", ""ka"", ""b:"", ""s:ś+ o s:śti""]",authentic
V.06.107,"[""te""]",authentic
V.06.108,"[""ŕ""]",authentic
Z.10.04,"[""kekaŕo""]",authentic
Z.10.03,"[""baŕati""]",authentic
Z.10.02,"[""eikebi---""]",authentic
AB.02.02,"[""rkesba?eli?++""]",authentic
AB.02.04,"[""ane""]",authentic
AB.02.05,"[""+nlnl""]",authentic
AB.02.06,"[""sa""]",authentic
AB.02.07,"[""iasoial""]",authentic
GIB.01.01,"[""iŕbe ogaŕei---eban""]",authentic
TE.02.000,"[""N""]",authentic
V.21.02,"[""B"", ""+ookogo+"", ""B"", ""tadata+++ke+++""]",authentic
A.04.13,"[""ban""]",authentic
TE.05.10,"[""bil""]",authentic
TE.05.11,"[""bil""]",authentic
L.01.05,"[""iltiŕta kese"", ""LXSA""]",falsa
GI.12.02,"[""se""]",authentic
GI.01.04,"[""urtalike""]",authentic
GI.00.01,"["""", ""baitolo"", ""baitolo""]",authentic
L.25.01,"[""nltiŕbo""]",falsa
L.23.01,"[""śaiti""]",falsa
L.22.01,"[""ikon-"", ""ḿkeiḿi"", ""iltubel-"", ""eśeban""]",falsa
T.11.16,"[""++++"", ""lorka""]",suspecta
